Structure;Energy
ACONF_B_G;-158.31811358697635
ACONF_B_T;-158.31942418638451
ACONF_H_ggg;-236.87767294828160
ACONF_H_g+t+g-;-236.87872368296695
ACONF_H_gtg;-236.87876189974509
ACONF_H_gtt;-236.88016428832853
ACONF_H_g+x-g-;-236.87492792083572
ACONF_H_g+x-t+;-236.87626241138062
ACONF_H_tgg;-236.87885182926914
ACONF_H_tgt;-236.88012802482655
ACONF_H_t+g+x-;-236.87613251508981
ACONF_H_ttt;-236.88151741434214
ACONF_H_x+g-g-;-236.87484391986999
ACONF_H_x+g-x+;-236.87189452717331
ACONF_P_GG;-197.59789306973417
ACONF_P_GX;-197.59505406995314
ACONF_P_TG;-197.59910476421521
ACONF_P_TT;-197.60046661320405
ADIM6_AD2;-159.51433109869942
ADIM6_AD3;-238.07658634907986
ADIM6_AD4;-316.63873929996458
ADIM6_AD5;-395.20068595214525
ADIM6_AD6;-473.76255522524821
ADIM6_AD7;-552.32439081475616
ADIM6_AM2;-79.75707345755995
ADIM6_AM3;-119.03826818720502
ADIM6_AM4;-158.31938974903639
ADIM6_AM5;-197.60040487058660
ADIM6_AM6;-236.88143401793934
ADIM6_AM7;-276.16246014551234
AHB21_10A;-75.75117832444987
AHB21_10B;-76.36983649168077
AHB21_10;-152.18394414374015
AHB21_11A;-164.12194695227461
AHB21_11B;-56.52029591413304
AHB21_11;-220.65442009866672
AHB21_12A;-164.12234102522291
AHB21_12B;-76.38614409799241
AHB21_12;-240.53107437959630
AHB21_13A;-164.12253754752288
AHB21_13B;-100.39691497115554
AHB21_13;-264.56320981103215
AHB21_14A;-164.12225443006975
AHB21_14B;-399.27496080515448
AHB21_14;-563.41492311054083
AHB21_15A;-398.70763781981736
AHB21_15B;-56.52011002317899
AHB21_15;-455.24163090186187
AHB21_16A;-398.70763663410344
AHB21_16B;-76.38550044982840
AHB21_16;-475.11916811661160
AHB21_17A;-398.70763266412678
AHB21_17B;-100.39651401113319
AHB21_17;-499.14846472363172
AHB21_18A;-189.09046938159901
AHB21_18B;-95.78452315753863
AHB21_18;-284.89338162235038
AHB21_19A;-189.09038951187276
AHB21_19B;-115.64467488910313
AHB21_19;-304.76717326560225
AHB21_1A;-99.80033432507378
AHB21_1B;-56.51831364138241
AHB21_1;-156.34790873662050
AHB21_20A;-189.09034784090295
AHB21_20B;-76.38426564271438
AHB21_20;-265.50757746306272
AHB21_21A;-189.09007444373881
AHB21_21B;-100.39416062105605
AHB21_21;-289.53623060430402
AHB21_2A;-99.80033432507403
AHB21_2B;-76.37847082166627
AHB21_2;-176.23247033078187
AHB21_3A;-99.80033432507361
AHB21_3B;-100.36637283286235
AHB21_3;-200.27457813280063
AHB21_4A;-460.14240428572975
AHB21_4B;-56.52009060206142
AHB21_4;-516.67654572865229
AHB21_5A;-460.14240428572981
AHB21_5B;-76.38577034828258
AHB21_5;-536.55344360339814
AHB21_6A;-460.14240428572964
AHB21_6B;-100.39754084990983
AHB21_6;-560.58236026561531
AHB21_7A;-460.14240428573214
AHB21_7B;-399.27362005844418
AHB21_7;-859.44052901801251
AHB21_8A;-460.14240428572998
AHB21_8B;-460.65059127687948
AHB21_8;-920.86406263660626
AHB21_9A;-75.75116638437798
AHB21_9B;-56.51824519537947
AHB21_9;-132.29799920530616
AL2X6_al2cl6;-3245.59817477475644
AL2X6_al2f6;-1083.99436639025407
AL2X6_al2h6;-488.23629983194689
AL2X6_al2me4;-645.42876310012127
AL2X6_al2me5;-684.71334086651495
AL2X6_al2me6;-723.99659979670810
AL2X6_alcl3;-1622.77639809472612
AL2X6_alf3;-541.95898273896717
AL2X6_alh3;-244.08716505023378
AL2X6_alme2;-322.68506019138016
AL2X6_alme3;-361.98309757356583
ALK8_li2_ch2n_2;-279.20317109077661
ALK8_li2_ch4;-55.46914454838870
ALK8_li2;-14.96482211113185
ALK8_li3_me;-62.36067325904195
ALK8_li4_c;-67.97707887362587
ALK8_li4_me4;-189.57038284930314
ALK8_li5_ch;-76.14585523601266
ALK8_li8;-60.00427631773827
ALK8_li_ch2n;-139.55769790053006
ALK8_li_h;-8.05246533129793
ALK8_li_me;-47.34063207550737
ALK8_li_na_h2;-170.87107613481368
ALK8_li+;-7.26246263004967
ALK8_na2_h2;-325.55642776107487
ALK8_na2;-324.39026075738309
ALK8_na8;-1297.64760053234113
ALK8_na+;-161.98811944685147
ALKBDE10_bef;-114.54184075409565
ALKBDE10_beo;-89.82728281857757
ALKBDE10_be;-14.63657712196785
ALKBDE10_cao;-752.57452557447721
ALKBDE10_ca;-677.38927773114733
ALKBDE10_f;-99.68128194719687
ALKBDE10_hf;-100.40043537026654
ALKBDE10_h;-0.50129094364213
ALKBDE10_kf;-699.61204753788991
ALKBDE10_k;-599.75161753477346
ALKBDE10_lif;-107.35717358717982
ALKBDE10_lio;-82.61565994514805
ALKBDE10_li;-7.46710146509869
ALKBDE10_mgo;-275.06905657534185
ALKBDE10_mg;-199.96873557721102
ALKBDE10_mgs;-598.03345803961463
ALKBDE10_nao;-237.29771851466100
ALKBDE10_na;-162.18256324963556
ALKBDE10_o;-75.02239604584449
ALKBDE10_s;-397.98587019750119
Amino20x4_ALA_xab;-495.50741663649183
Amino20x4_ALA_xac;-495.51405646087551
Amino20x4_ALA_xag;-495.51697736376934
Amino20x4_ALA_xai;-495.50996946523458
Amino20x4_ALA_xak;-495.51120797654983
Amino20x4_ARG_xak;-778.11793610141717
Amino20x4_ARG_xbv;-778.11525739098283
Amino20x4_ARG_xbx;-778.11565522155024
Amino20x4_ARG_xby;-778.10710647821088
Amino20x4_ARG_xci;-778.11973772548936
Amino20x4_ASN_xab;-664.12329497526548
Amino20x4_ASN_xae;-664.12395583465150
Amino20x4_ASN_xaf;-664.13014071687223
Amino20x4_ASN_xah;-664.12000003253104
Amino20x4_ASN_xaj;-664.12986263489790
Amino20x4_ASP_xad;-683.98994985693651
Amino20x4_ASP_xau;-683.98482803167269
Amino20x4_ASP_xay;-683.98692467904812
Amino20x4_ASP_xaz;-683.98960896651317
Amino20x4_ASP_xbc;-683.98413124034187
Amino20x4_CYS_xag;-893.59532885922124
Amino20x4_CYS_xah;-893.59562502480185
Amino20x4_CYS_xai;-893.59716338585781
Amino20x4_CYS_xal;-893.59242872895970
Amino20x4_CYS_xao;-893.59496114375986
Amino20x4_GLN_xai;-703.40858107193355
Amino20x4_GLN_xal;-703.40128506155099
Amino20x4_GLN_xan;-703.40750799779016
Amino20x4_GLN_xap;-703.40160018842255
Amino20x4_GLN_xat;-703.40408416563548
Amino20x4_GLU_xad;-723.25925062044303
Amino20x4_GLU_xal;-723.26888787525434
Amino20x4_GLU_xar;-723.26635797921654
Amino20x4_GLU_xav;-723.26859738247299
Amino20x4_GLU_xbi;-723.27041257413339
Amino20x4_GLY_xab;-456.23117795850931
Amino20x4_GLY_xac;-456.23401853064610
Amino20x4_GLY_xad;-456.23065855624151
Amino20x4_GLY_xae;-456.23403650463479
Amino20x4_GLY_xag;-456.22785754417669
Amino20x4_HIS_xah;-720.39104009344373
Amino20x4_HIS_xam;-720.39145151306730
Amino20x4_HIS_xaq;-720.39532677520833
Amino20x4_HIS_xau;-720.38266460412365
Amino20x4_HIS_xav;-720.38288534875483
Amino20x4_ILE_xae;-613.35769405500605
Amino20x4_ILE_xag;-613.35699815537259
Amino20x4_ILE_xaj;-613.35831458117980
Amino20x4_ILE_xak;-613.35739976602792
Amino20x4_ILE_xaq;-613.35778858931360
Amino20x4_LEU_xad;-613.36019277467665
Amino20x4_LEU_xae;-613.35734580850351
Amino20x4_LEU_xap;-613.36043329633924
Amino20x4_LEU_xaq;-613.35668215254850
Amino20x4_LEU_xbb;-613.35817676978274
Amino20x4_LYS_xan;-668.67403486792477
Amino20x4_LYS_xao;-668.67435154211319
Amino20x4_LYS_xap;-668.67434109247642
Amino20x4_LYS_xas;-668.67297628276617
Amino20x4_LYS_xat;-668.67234382322738
Amino20x4_MET_xag;-972.15755643994351
Amino20x4_MET_xav;-972.15638364291897
Amino20x4_MET_xbf;-972.15918846942418
Amino20x4_MET_xbm;-972.15613650895284
Amino20x4_MET_xbo;-972.15552865146719
Amino20x4_PHE_xab;-726.38475618224402
Amino20x4_PHE_xal;-726.38103588633999
Amino20x4_PHE_xan;-726.38276841854395
Amino20x4_PHE_xar;-726.38177654131709
Amino20x4_PHE_xaw;-726.38515634849978
Amino20x4_PRO_xab;-572.86299671811230
Amino20x4_PRO_xac;-572.86745865451212
Amino20x4_PRO_xad;-572.87087158013946
Amino20x4_PRO_xae;-572.87269790140658
Amino20x4_PRO_xaf;-572.86601174295436
Amino20x4_SER_xad;-570.70268506351249
Amino20x4_SER_xaf;-570.69819171262020
Amino20x4_SER_xah;-570.69807656660464
Amino20x4_SER_xak;-570.69748022904696
Amino20x4_SER_xar;-570.69797972286790
Amino20x4_THR_xab;-609.97830881239747
Amino20x4_THR_xag;-609.97563515424997
Amino20x4_THR_xah;-609.97433063835194
Amino20x4_THR_xal;-609.97272955376854
Amino20x4_THR_xaq;-609.98081280828580
Amino20x4_TRP_xac;-857.86209928945300
Amino20x4_TRP_xaf;-857.86143908796612
Amino20x4_TRP_xag;-857.86806757679938
Amino20x4_TRP_xah;-857.86296085234903
Amino20x4_TRP_xao;-857.86921169458969
Amino20x4_TYR_xab;-801.57168091496010
Amino20x4_TYR_xag;-801.57237179342178
Amino20x4_TYR_xah;-801.57006818979994
Amino20x4_TYR_xan;-801.56877658925578
Amino20x4_TYR_xar;-801.57206665720742
Amino20x4_VAL_xad;-574.07910904415826
Amino20x4_VAL_xaf;-574.07696421044761
Amino20x4_VAL_xah;-574.07778383649622
Amino20x4_VAL_xaj;-574.07821374353159
Amino20x4_VAL_xak;-574.07601294483231
BH76_c2h4;-78.51824787146690
BH76_c2h5_v2;-79.08885524601754
BH76_C2H5_v1;-79.08886950644180
BH76_c2h5ts;-79.01843212155791
BH76_C2H6;-79.75709158239550
BH76_c3h7;-118.36906159933486
BH76_c3h7ts;-118.31426333329892
BH76_C5H8;-195.14402780218157
BH76_CH2OH;-114.98840624534779
BH76_ch3cl;-499.95255470225868
BH76_ch3fclts;-599.58934138585960
BH76_ch3f;-139.66310411963232
BH76_CH3OH;-115.64734067229409
BH76_CH3;-39.80267352336201
BH76_CH4;-40.47822580659633
BH76_clch3clcomp;-960.10860134152199
BH76_clch3clts;-960.09122246536765
BH76_clf;-559.78984310568080
BH76_cl-;-460.13896329578296
BH76_Cl;-460.01114759796747
BH76_co;-113.23681114684457
BH76_f2;-199.41808027849811
BH76_fch3clcomp1;-599.77281838765123
BH76_fch3clcomp2;-599.81670641342839
BH76_fch3clts;-599.77120279972735
BH76_fch3fcomp;-239.47888611143804
BH76_fch3fts;-239.46136920545186
BH76_f-;-99.79134155464047
BH76_F;-99.68128194719687
BH76_H2O;-76.38654786549398
BH76_H2;-1.16912264588186
BH76_H2S;-399.27541023822084
BH76_hch3clts;-500.44214135664981
BH76_hclhts;-461.15952038000336
BH76_HCl;-460.67979660448617
BH76_hcn;-93.35064286974611
BH76_hcnts;-93.27673454713272
BH76_hco;-113.77799154426022
BH76_hcots;-113.73768096306955
BH76_hf2ts;-199.92574957984482
BH76_hfch3ts;-140.12310961004300
BH76_hfhts;-100.84600763978355
BH76_HF;-100.40043287062701
BH76_hn2;-109.95744543151901
BH76_hn2ts;-109.93896848538094
BH76_hnc;-93.32884770116473
BH76_hoch3fcomp1;-215.49395368183204
BH76_hoch3fcomp2;-215.42697035727863
BH76_hoch3fts;-215.41538846118218
BH76_H;-0.50129094364213
BH76_HS;-398.62553180359845
BH76_N2H2;-110.56649734139972
BH76_N2H;-109.95744547195127
BH76_n2ohts;-185.03320601450793
BH76_n2o;-184.55438906467771
BH76_n2;-109.45135916904533
BH76_NH2;-55.84047433169498
BH76_NH3;-56.52031660276887
BH76_NH;-55.18319733292571
BH76_oh-;-75.74028849169980
BH76_OH;-75.69191834351987
BH76_O;-75.02239604584449
BH76_PH2;-342.39239254499324
BH76_PH3;-343.02818898190986
BH76_RKT01;-461.17638326943279
BH76_RKT02;-76.86050371952803
BH76_RKT03;-40.96051738653192
BH76_RKT04;-116.16682606213641
BH76_RKT05;-116.13979383546183
BH76_RKT06;-1.66126536696762
BH76_RKT07;-132.21522195631957
BH76_RKT08;-500.48568116180792
BH76_RKT09;-155.45020899918723
BH76_RKT10;-100.85729156086566
BH76_RKT11;-115.48792378636000
BH76_RKT12;-343.52869696529189
BH76_RKT13;-461.15952038000336
BH76_RKT14;-76.18193667945258
BH76_RKT15;-111.06990653554311
BH76_RKT16;-399.77477407584104
BH76_RKT17;-535.69790451126278
BH76_RKT18;-95.63487038283674
BH76_RKT19;-134.91801456690712
BH76_RKT20;-135.58569310580776
BH76_RKT21;-96.30270643590282
BH76_RKT22;-195.08727418303067
BHDIV10_ed10;-132.64963736280106
BHDIV10_ed1;-420.68585885157410
BHDIV10_ed2;-235.45252530141397
BHDIV10_ed3;-479.40681838599039
BHDIV10_ed4;-118.99679767321994
BHDIV10_ed5;-370.76657676000923
BHDIV10_ed6;-558.07614366134851
BHDIV10_ed7;-1814.85251851394514
BHDIV10_ed8;-231.78728826342856
BHDIV10_ed9;-408.38828305429320
BHDIV10_ts10;-132.54725294328333
BHDIV10_ts1;-420.64973151292452
BHDIV10_ts2;-235.35743000579657
BHDIV10_ts3;-479.35657913063119
BHDIV10_ts4;-118.85465780862668
BHDIV10_ts5;-370.75237241786175
BHDIV10_ts6;-558.06083027856948
BHDIV10_ts7;-1814.81268492143090
BHDIV10_ts8;-231.71705009284938
BHDIV10_ts9;-408.29061538312385
BHPERI_00r;-78.51830686075544
BHPERI_01r;-155.85929923868329
BHPERI_01ts;-234.34574587542664
BHPERI_02r;-193.94540982588956
BHPERI_02ts;-272.43631722481297
BHPERI_03r;-445.25421420791281
BHPERI_03ts;-523.74844842348693
BHPERI_04r;-229.85936740769452
BHPERI_04ts;-308.34271665550131
BHPERI_05r;-210.01386249525206
BHPERI_05ts;-288.48779372215722
BHPERI_06ts;-288.48779366854438
BHPERI_07r;-496.51526162505644
BHPERI_07ts;-574.99951224676715
BHPERI_08ts;-574.99939198420884
BHPERI_09r;-552.77545516602754
BHPERI_09ts;-631.24303136419007
BHPERI_1-3-Butadiene;-155.85910279602444
BHPERI_13_c2h4;-78.51830728468995
BHPERI_1-3-Cyclohexadiene;-233.22808706274932
BHPERI_1-3-Cyclopentadiene;-193.94508827650986
BHPERI_1-3-Pentadiene;-195.14378669247583
BHPERI_13r_1;-184.55431953393847
BHPERI_13r_2;-164.68029024122771
BHPERI_13r_3;-148.63439660829155
BHPERI_13r_4;-168.46791180653892
BHPERI_13r_5;-148.59628295414996
BHPERI_13r_6;-132.56562107714581
BHPERI_13r_7;-169.69164487879488
BHPERI_13r_8;-149.82271419283390
BHPERI_13r_9;-133.78821547560793
BHPERI_13ts_1a;-263.03052315797351
BHPERI_13ts_2a;-243.16804296723416
BHPERI_13ts_3a;-227.12965187225319
BHPERI_13ts_4a;-246.96555147079127
BHPERI_13ts_5a;-227.10332024160829
BHPERI_13ts_6a;-211.07471021124761
BHPERI_13ts_7a;-248.19075768938788
BHPERI_13ts_8a;-228.33269600119530
BHPERI_13ts_9a;-212.30574477646937
BHPERI_1-5-Hexadiene;-234.41410973806677
BHPERI_Benzocyclobutane;-309.38181042874805
BHPERI_cis-1-3-5-Hexatriene;-233.19880990415407
BHPERI_Cis-triscyclopropacyclohexane;-349.81288281482000
BHPERI_Cyclobutene;-155.84553128276394
BHPERI_Cyclohexene;-234.45495158571154
BHPERI_Cyclonona-1-4-7-triene;-349.82671324151045
BHPERI_Ethylene;-78.51820061359334
BHPERI_Norbornene;-272.51178316631052
BHPERI_ortho-xylylene;-309.35135233483243
BHPERI_TS10;-467.56487862478991
BHPERI_TS11;-387.86411412386428
BHPERI_TS1;-155.78674984451430
BHPERI_TS2;-233.15333326167797
BHPERI_TS3;-309.30987687336631
BHPERI_TS4;-195.08678518846287
BHPERI_TS5;-193.90636176153726
BHPERI_TS6;-234.36040117118216
BHPERI_TS7;-234.34522822534510
BHPERI_TS8;-272.43575275493941
BHPERI_TS9;-349.76830291203754
BHROT27_acetamide_RC;-209.07958779880221
BHROT27_acetamide_TS1;-209.04980671606921
BHROT27_acetamide_TS2;-209.05419461843479
BHROT27_bifuran_anti;-458.54128411136350
BHROT27_bifuran_syn;-458.53878931988572
BHROT27_bifuran_TS;-458.53323949216815
BHROT27_biphenyl;-462.93349447643288
BHROT27_biphenyl_TS;-462.93034992690218
BHROT27_bithiophene_anti;-1104.36781370331664
BHROT27_bithiophene_syn;-1104.36715401596712
BHROT27_bithiophene_TS;-1104.36424775578189
BHROT27_butadiene_scis;-155.85377575119364
BHROT27_butadiene_strans;-155.85933049398986
BHROT27_butadiene_TS;-155.84801165244016
BHROT27_ethane_ecl;-79.75286805658746
BHROT27_ethane_st;-79.75702513335719
BHROT27_ethylthiourea_0;-626.56934078084009
BHROT27_ethylthiourea_180;-626.56900574716690
BHROT27_ethylthiourea_TS1;-626.55059172109827
BHROT27_ethylthiourea_TS2;-626.53994396886856
BHROT27_h2o2_cis;-151.45528050205485
BHROT27_h2o2;-151.46697156898151
BHROT27_h2o2_trans;-151.46511798063375
BHROT27_h2s2_cis;-797.34437329166803
BHROT27_h2s2;-797.35793750008224
BHROT27_h2s2_trans;-797.34803799852568
BHROT27_methanol_ecl;-115.64580456542063
BHROT27_methanol_st;-115.64736689472700
BHROT27_methylamine_ecl;-95.67966976447150
BHROT27_methylamine_st;-95.68366291058882
BHROT27_n2h4_ecl1;-111.79349638290444
BHROT27_n2h4_ecl2;-111.78194004822164
BHROT27_n2h4_st1;-111.79628748496198
BHROT27_nh2oh_ecl;-131.62998726388804
BHROT27_nh2oh_st1;-131.64125615100286
BHROT27_nh2oh_st2;-131.63475641497848
BHROT27_tmethane_0;-236.86801852397446
BHROT27_tmethane_120;-236.87390125529839
BHROT27_tmethane_180;-236.87954075699702
BHROT27_tmethane_60;-236.87906148473411
BSR36_c1;-390.41604990709368
BSR36_c2h6;-79.75707952997334
BSR36_c2;-468.98495368206193
BSR36_c3;-468.97230411767032
BSR36_c4;-547.55365150534476
BSR36_c5;-545.15130786628379
BSR36_ch4;-40.47820617372163
BSR36_h10;-276.15918662937747
BSR36_h11;-276.15902746114040
BSR36_h12;-276.15969251935655
BSR36_h13;-276.16089331447330
BSR36_h14;-276.15874624839910
BSR36_h15;-315.43578444675796
BSR36_h1;-236.87971329389575
BSR36_h2;-236.88136509144388
BSR36_h3;-236.88134067482747
BSR36_h4;-236.87996699168878
BSR36_h5;-236.88151584760624
BSR36_h6;-276.16256356722744
BSR36_h7;-276.16235066354943
BSR36_h8;-276.16242467776158
BSR36_h9;-276.16210954411224
BSR36_r10;-391.60325733826392
BSR36_r11;-391.58743115966513
BSR36_r12;-391.59850686390450
BSR36_r13;-391.61558729831722
BSR36_r14;-391.61040493709743
BSR36_r15;-470.17194600079188
BSR36_r16;-471.37096701954738
BSR36_r1;-196.39444116051007
BSR36_r2;-235.68435376060938
BSR36_r3;-235.67746091210077
BSR36_r4;-274.96734339726640
BSR36_r5;-274.95870820932907
BSR36_r6;-274.96006669305416
BSR36_r7;-274.95703123052550
BSR36_r8;-274.96020370657544
BSR36_r9;-274.95951780199448
BUT14DIOL_B10;-308.67169055939598
BUT14DIOL_B11;-308.67055778434866
BUT14DIOL_B12;-308.67052383888165
BUT14DIOL_B13;-308.67151677992302
BUT14DIOL_B14;-308.67155452787824
BUT14DIOL_B15;-308.67028409239953
BUT14DIOL_B16;-308.67158466387872
BUT14DIOL_B17;-308.67128518247222
BUT14DIOL_B18;-308.67124704661830
BUT14DIOL_B19;-308.67097089313967
BUT14DIOL_B1;-308.67472797343282
BUT14DIOL_B20;-308.67087157062076
BUT14DIOL_B21;-308.67121984553512
BUT14DIOL_B22;-308.67102539371314
BUT14DIOL_B23;-308.67111299182557
BUT14DIOL_B24;-308.67074819264644
BUT14DIOL_B25;-308.67121902038480
BUT14DIOL_B26;-308.67098821886248
BUT14DIOL_B27;-308.67132610590113
BUT14DIOL_B28;-308.67060162075961
BUT14DIOL_B29;-308.67056931675779
BUT14DIOL_B2;-308.67450584481571
BUT14DIOL_B30;-308.67054495477981
BUT14DIOL_B31;-308.67054497877962
BUT14DIOL_B32;-308.67104603635482
BUT14DIOL_B33;-308.67122398893281
BUT14DIOL_B34;-308.66941003622776
BUT14DIOL_B35;-308.67097593187373
BUT14DIOL_B36;-308.66960462411703
BUT14DIOL_B37;-308.67111502338071
BUT14DIOL_B38;-308.67082385558416
BUT14DIOL_B39;-308.66993253694807
BUT14DIOL_B3;-308.67336287233366
BUT14DIOL_B40;-308.66961024491411
BUT14DIOL_B41;-308.66942210103343
BUT14DIOL_B42;-308.66933232608380
BUT14DIOL_B43;-308.66950180154731
BUT14DIOL_B44;-308.66923653100463
BUT14DIOL_B45;-308.66954418799844
BUT14DIOL_B46;-308.66954417735542
BUT14DIOL_B47;-308.66949595800639
BUT14DIOL_B48;-308.66891271433599
BUT14DIOL_B49;-308.66942540145880
BUT14DIOL_B4;-308.67189058062155
BUT14DIOL_B50;-308.66942522716192
BUT14DIOL_B51;-308.66945901563957
BUT14DIOL_B52;-308.66917203972446
BUT14DIOL_B53;-308.66931782245626
BUT14DIOL_B54;-308.66940372594263
BUT14DIOL_B55;-308.66982397057870
BUT14DIOL_B56;-308.66973834479103
BUT14DIOL_B57;-308.66967645177203
BUT14DIOL_B58;-308.66956656468824
BUT14DIOL_B59;-308.66887857965384
BUT14DIOL_B5;-308.67163821412134
BUT14DIOL_B60;-308.66953619316735
BUT14DIOL_B61;-308.66944755840478
BUT14DIOL_B62;-308.66879152859474
BUT14DIOL_B63;-308.66811709500644
BUT14DIOL_B64;-308.66804576129448
BUT14DIOL_B65;-308.66766480493220
BUT14DIOL_B6;-308.67140124877659
BUT14DIOL_B7;-308.67122598927205
BUT14DIOL_B8;-308.67190688048197
BUT14DIOL_B9;-308.67154457084166
C60ISO_10;-2284.21662881849261
C60ISO_1;-2284.48512117686550
C60ISO_2;-2284.42173817670664
C60ISO_3;-2284.39056324299600
C60ISO_4;-2284.39020264778082
C60ISO_5;-2284.36861739576125
C60ISO_6;-2284.32899431223450
C60ISO_7;-2284.30429990634184
C60ISO_8;-2284.26330498714196
C60ISO_9;-2284.25457656956496
CARBHB12_1CL_A;-460.67813080834316
CARBHB12_1CL_B;-39.09025974124862
CARBHB12_1CL;-499.78475162774470
CARBHB12_1N_A;-56.52028839975240
CARBHB12_1N_B;-39.09063960999305
CARBHB12_1N;-95.61501963263822
CARBHB12_1O_A;-76.38629871424540
CARBHB12_1O_B;-39.09053319866240
CARBHB12_1O;-115.48671414978833
CARBHB12_2CL_A;-460.67653094030288
CARBHB12_2CL_B;-537.90861829361052
CARBHB12_2CL;-998.60525845291943
CARBHB12_2N_A;-56.52029945035666
CARBHB12_2N_B;-537.90906668658704
CARBHB12_2N;-594.43411390129290
CARBHB12_2O_A;-76.38626725044483
CARBHB12_2O_B;-537.90906233423664
CARBHB12_2O;-614.30588380588756
CARBHB12_3CL_A;-460.67965950509830
CARBHB12_3CL_B;-290.49586379275382
CARBHB12_3CL;-751.18171864071860
CARBHB12_3N_A;-56.52031412548408
CARBHB12_3N_B;-290.49607479851403
CARBHB12_3N;-347.01826702890156
CARBHB12_3O_A;-76.38651708065171
CARBHB12_3O_B;-290.49599074431978
CARBHB12_3O;-366.88690757968948
CARBHB12_4CL_A;-304.56588924615289
CARBHB12_4CL_B;-460.67664049003434
CARBHB12_4CL;-765.26992119531315
CARBHB12_4N_A;-304.56627338878820
CARBHB12_4N_B;-56.52024494100451
CARBHB12_4N;-361.09255536843307
CARBHB12_4O_A;-304.56613490190836
CARBHB12_4O_B;-76.38615044916367
CARBHB12_4O;-380.96841268784056
CDIE20_P20;-193.86075829674192
CDIE20_P22;-233.16900356454676
CDIE20_P25;-233.14661647156700
CDIE20_P26;-233.15292221554066
CDIE20_P40;-272.43848117312058
CDIE20_P43;-233.18481589083248
CDIE20_P44;-233.17758835449931
CDIE20_P45;-272.46376189389383
CDIE20_P46;-272.46795597803788
CDIE20_P47;-272.46790229424266
CDIE20_P48;-272.45964748282927
CDIE20_P49;-233.22028262108168
CDIE20_P51;-272.50823487588445
CDIE20_P52;-272.50540896152688
CDIE20_P56;-272.49799388153883
CDIE20_P60;-272.50091471640144
CDIE20_R20;-193.86003627300701
CDIE20_R21;-193.86970706754968
CDIE20_R22;-233.16132117856282
CDIE20_R25;-233.14396127234409
CDIE20_R26;-233.15366181572080
CDIE20_R28;-233.16132117856282
CDIE20_R29;-233.15607755171411
CDIE20_R40;-272.44140989004427
CDIE20_R43;-233.18944327339517
CDIE20_R44;-233.18643883077459
CDIE20_R45;-272.46705577705882
CDIE20_R46;-272.47665156168409
CDIE20_R47;-272.47717275702962
CDIE20_R48;-272.46981074615422
CDIE20_R49;-233.22803932192670
CDIE20_R51;-272.51015686845699
CDIE20_R52;-272.51325002594803
CDIE20_R56;-272.50936196576703
CDIE20_R57;-272.51867053900395
CDIE20_R60;-272.51676307397321
CHB6_22A;-7.26246263004965
CHB6_22B;-76.38642616884421
CHB6_22;-83.70576772893715
CHB6_23A;-161.98811944685150
CHB6_23B;-76.38644690720673
CHB6_23;-238.41368763037079
CHB6_24A;-599.59089325742400
CHB6_24B;-76.38651842517392
CHB6_24;-676.00583553552951
CHB6_25A;-7.26246263004967
CHB6_25B;-232.05527224914363
CHB6_25;-239.38406432031536
CHB6_26A;-161.98811944685093
CHB6_26B;-232.05560888958797
CHB6_26;-394.08536235245157
CHB6_27A;-599.59089325742286
CHB6_27B;-232.05735295948213
CHB6_27;-831.67765874801239
DARC_butadiene;-155.85941713566697
DARC_chdiene;-233.22878125505613
DARC_cpdiene;-193.94568494317647
DARC_ethene;-78.51833710924797
DARC_ethine;-77.26158530361894
DARC_furane;-229.85969916140255
DARC_maleinNH;-359.20011053677717
DARC_malein;-379.05438640634992
DARC_P10;-553.19581362811095
DARC_P10X;-553.19689746200572
DARC_P1;-234.45567014665619
DARC_P2;-233.22912095558723
DARC_P3;-272.51270215954344
DARC_P4;-271.26580698879258
DARC_P5;-311.80799878595565
DARC_P6;-310.57421974652704
DARC_P7;-608.93050821177519
DARC_P7X;-608.93399884747976
DARC_P8;-589.08064360138633
DARC_P8X;-589.08452002744912
DARC_P9;-573.04618363111456
DARC_P9X;-573.04735386949676
DC13_13dip;-227.21671250204074
DC13_be4;-58.72660971222007
DC13_be;-14.63657712196785
DC13_c20bowl;-760.89730910228809
DC13_c20cage;-760.89095051902086
DC13_c2h2;-77.26156492634023
DC13_c2h4;-78.51833443705831
DC13_C6Cl6;-2988.91177815165429
DC13_C6H6;-232.05976053004701
DC13_carbooxo1;-567.93541748722123
DC13_carbooxo2;-567.92989436845266
DC13_ch2n2;-148.63453230460001
DC13_CL2;-920.11766787898830
DC13_ethen;-78.51833171576816
DC13_HCL;-460.67979890514874
DC13_heptahexaene;-268.73211465159659
DC13_heptatriyne;-268.74343758108444
DC13_ISO_C8H8_1;-309.39540194663482
DC13_ISO_C8H8_41;-309.22971994367310
DC13_ISO_E35;-464.08794623740857
DC13_ISO_E36;-323.29331022966147
DC13_ISO_P35;-464.03914804514216
DC13_ISO_P36;-323.29328173759825
DC13_o3_c2h2_add;-302.66937104867964
DC13_o3_c2h4_add;-303.91117488208147
DC13_o3;-225.29040081599382
DC13_omcb;-471.32431812307289
DC13_s2;-796.14152037349913
DC13_s8;-3184.72102049037130
DC13_tmethen;-235.65520570584195
DIPCS10_be_2+;-13.62864662158392
DIPCS10_be;-14.63657712196785
DIPCS10_c2h4_2+;-77.48327340875207
DIPCS10_c2h4;-78.51822913305304
DIPCS10_c2h6_2+;-78.70157139025595
DIPCS10_c2h6;-79.75696503263867
DIPCS10_c4h4_2+;-153.71907017234227
DIPCS10_c4h4;-154.55072006555440
DIPCS10_ch2o_2+;-113.23262998715599
DIPCS10_ch2o;-114.42552513617281
DIPCS10_h2s_2+;-398.10589645091608
DIPCS10_h2s;-399.27540542633744
DIPCS10_mg_2+;-199.13183685721663
DIPCS10_mg;-199.96873557721102
DIPCS10_n2h2_2+;-109.56352755297834
DIPCS10_n2h2;-110.56619168590460
DIPCS10_nh3_2+;-55.28232195802349
DIPCS10_nh3;-56.52014724231138
DIPCS10_ph3_2+;-341.99573981374886
DIPCS10_ph3;-343.02825268766708
FH51_1-hexene;-235.64735210844071
FH51_1-pentene;-196.36645035161581
FH51_1-pentyne;-195.11615764721020
FH51_2-pentyne;-195.12610295944708
FH51_3-hexene;-235.65174407882449
FH51_3-methylpentane;-236.87908363273033
FH51_ax-methylcyclohexene;-273.65210596740638
FH51_butanediol;-308.67926668317693
FH51_C2H4OH_2;-308.66985226941773
FH51_C2H5CClCHCH3;-655.85563433580592
FH51_C2H5CCNCHCH3;-288.55008014676810
FH51_C2H5CO2CH3;-307.49053157679435
FH51_C2H5CO2H;-268.22451553786982
FH51_C2H5CONH2;-248.35965436882722
FH51_C2H5O_2;-308.57819823992361
FH51_C3H7CHCO;-270.33939043626339
FH51_C3H7CN;-211.21095665506942
FH51_C3H7CO2C2H3;-384.82350210281265
FH51_C3H7CO2H;-307.50567871075060
FH51_C3H7CONH2;-287.64044222091388
FH51_C3H7NCO;-286.41324566389699
FH51_C3H7NH2;-174.35092685443462
FH51_C3H7S_2;-1033.04785119091684
FH51_C3H7SH;-517.11499900581737
FH51_C4H9CHO;-271.56571266796544
FH51_C4H9CO2H;-346.78666848664335
FH51_C4H9NCO;-325.69400010668068
FH51_C4H9NH2;-213.63168903183322
FH51_C4H9NHCONH2;-382.24780461577279
FH51_C4H9NO2;-362.71208760095709
FH51_C4H9ONO;-362.70104112994721
FH51_C4H9SO2H;-706.74880089247608
FH51_C4H9SO3H;-781.95551952655478
FH51_C6H12O;-310.84326760580262
FH51_cis-2-pentene;-196.36929188588431
FH51_Cl2;-920.11721444207456
FH51_CO_2NHC3H7_2;-460.80405496574838
FH51_CO2;-188.47525199011341
FH51_COCl2;-1033.41111557442491
FH51_CO;-113.23648112621129
FH51_diethylamine;-213.62358734100707
FH51_diethyloxirane;-310.82268662994232
FH51_dimethylbutane;-236.87894785450260
FH51_dimethyloxirane;-232.26108473844806
FH51_dimethylpyrrole;-288.58557502452032
FH51_eq-methylcyclohexene;-273.74113061987782
FH51_ethene;-78.51803808119450
FH51_ethyl-g-butyrolactone;-384.85054221732105
FH51_H2C-C5-CH2;-268.73112609318082
FH51_H2CO;-114.42544910320967
FH51_H2O2;-151.46565362234722
FH51_H2O;-76.38618914097722
FH51_H2;-1.16909869696356
FH51_H2S;-399.27529905619247
FH51_HCl;-460.67972024157439
FH51_HCN;-93.35036401051624
FH51_HCO2C5H11;-386.03841307553819
FH51_HCON_C2H5_2;-326.89983182825659
FH51_heptatriyne;-268.74185503310315
FH51_Heptene;-274.92824735922449
FH51_hexandione;-384.83454226980109
FH51_hexyne;-234.39706308030893
FH51_methanol;-115.64681057866208
FH51_methylcyclohexa-1-3-diene;-272.51520591683624
FH51_methylcyclohexa-1-4-diene;-272.50973474572072
FH51_methylcyclohexane;-274.96282468068620
FH51_methyl-d-valerolactone;-384.84629848660342
FH51_methylfuran;-269.14800310505029
FH51_methylimidazole;-265.34424078598715
FH51_methylpyrazole;-265.32444343504903
FH51_methylpyridine;-287.37782861679835
FH51_methylpyrrole;-249.29945298771625
FH51_neo-hexane;-236.88039300218242
FH51_NH3;-56.52004381330559
FH51_n-hexane;-236.88060417645065
FH51_n-nonane;-354.72193505319814
FH51_OS_C2H5_2;-631.55720738071818
FH51_pentadiene;-195.14561611748766
FH51_pentanediol;-347.95950690255114
FH51_pentanol;-272.77531456577640
FH51_propylfuran;-347.70515424675409
FH51_propyloxirane;-271.53443042562094
FH51_propylthiophene;-670.62172736805951
FH51_S_C2H5_2;-556.39575597393014
FH51_tetramethylpentane;-354.71096644880379
FH51_toluene;-271.34353877619037
FH51_trans-2-pentene;-196.37127764937441
G21EA_EA_10n;-39.80270890346388
G21EA_EA_10;-39.79909916905036
G21EA_EA_11n;-55.18341334222195
G21EA_EA_11;-55.19326504605927
G21EA_EA_12n;-55.84074633974716
G21EA_EA_12;-55.86134226937179
G21EA_EA_13n;-75.69226807837921
G21EA_EA_13;-75.75113255842474
G21EA_EA_14n;-289.87391365655731
G21EA_EA_14;-289.92401926431711
G21EA_EA_15n;-290.49630755693914
G21EA_EA_15;-290.54154972431184
G21EA_EA_16n;-291.11943083248406
G21EA_EA_16;-291.16566822051226
G21EA_EA_17n;-341.76514379589264
G21EA_EA_17;-341.80124802756296
G21EA_EA_18n;-342.39248784683230
G21EA_EA_18;-342.43531618497934
G21EA_EA_19n;-398.62563666140863
G21EA_EA_19;-398.70762455840128
G21EA_EA_20n;-150.24315628103963
G21EA_EA_20;-150.25107727607170
G21EA_EA_21n;-129.81343599738983
G21EA_EA_21;-129.81954851398817
G21EA_EA_22n;-92.63862358917250
G21EA_EA_22;-92.78164356091156
G21EA_EA_23n;-416.39020069475333
G21EA_EA_23;-416.43574759193513
G21EA_EA_24n;-796.14176754389155
G21EA_EA_24;-796.19874672811648
G21EA_EA_25n;-920.11646196128049
G21EA_EA_25;-920.20942884193300
G21EA_EA_8n;-38.44071512530375
G21EA_EA_8;-38.49154121750962
G21EA_EA_9n;-39.11861780841621
G21EA_EA_9;-39.13701366754272
G21EA_EA_cl-;-460.14240428573015
G21EA_EA_cl;-460.01120775208142
G21EA_EA_c-;-37.85950001880573
G21EA_EA_c;-37.80724668468167
G21EA_EA_f-;-99.80033432507420
G21EA_EA_f;-99.68142991484353
G21EA_EA_o-;-75.07351073875434
G21EA_EA_o;-75.02253685900661
G21EA_EA_p-;-341.17534911418818
G21EA_EA_p;-341.14568220339964
G21EA_EA_si-;-289.31264764274277
G21EA_EA_si;-289.25874745283420
G21EA_EA_s-;-398.06202994050295
G21EA_EA_s;-397.98593988235109
G21IP_11;-56.52030379467499
G21IP_12;-75.69190194708915
G21IP_137;-398.62552523804220
G21IP_13;-76.38651956177767
G21IP_14;-100.40040427345689
G21IP_18;-291.76708077633816
G21IP_19;-342.39241355112438
G21IP_20;-343.02824072976756
G21IP_22;-460.67978517984830
G21IP_25;-77.26158442184573
G21IP_26;-78.51833171491512
G21IP_30;-113.23690966150581
G21IP_34;-109.45154800543297
G21IP_37;-150.24247797330617
G21IP_43;-682.46909170210904
G21IP_44;-796.14152034027427
G21IP_45;-920.11626777558786
G21IP_48;-436.06073907754387
G21IP_51;-559.78909530767010
G21IP_8;-40.47822718830942
G21IP_al+;-242.03193578885117
G21IP_al;-242.25617980185993
G21IP_be+;-14.30690237653674
G21IP_be;-14.63657712196785
G21IP_b+;-24.30192581456575
G21IP_b;-24.61969128047951
G21IP_cl+;-459.53520548337815
G21IP_cl;-460.01114759796747
G21IP_c+;-37.38415787567563
G21IP_c;-37.80720624580886
G21IP_f+;-99.04052735009626
G21IP_f;-99.68128194719687
G21IP_h;-0.50129094364213
G21IP_IP_59;-40.01633541653781
G21IP_IP_60;-56.15049121019598
G21IP_IP_61;-75.21201449690734
G21IP_IP_62;-75.92784668218371
G21IP_IP_63;-99.81562897875865
G21IP_IP_64;-291.36776849958426
G21IP_IP_65;-341.38746573905871
G21IP_IP_66;-342.02497733496017
G21IP_IP_67;-342.67107978417624
G21IP_IP_68;-398.24518385922403
G21IP_IP_70;-460.21428449563041
G21IP_IP_71;-76.85055600807382
G21IP_IP_72;-78.14067619505651
G21IP_IP_73;-112.72369824597274
G21IP_IP_74;-108.87364331361650
G21IP_IP_75;-149.78846596937970
G21IP_IP_76;-682.08609297916257
G21IP_IP_77;-795.79017227415682
G21IP_IP_78;-919.70097793960372
G21IP_IP_79;-559.33099738038595
G21IP_IP_80;-435.64676014171107
G21IP_IP_n65;-341.76506426377773
G21IP_li+;-7.26246263004967
G21IP_li;-7.46710146509869
G21IP_mg+;-199.69158943568473
G21IP_mg;-199.96873557721102
G21IP_na+;-161.98811944685147
G21IP_na;-162.18256324963556
G21IP_n+;-54.00627833727311
G21IP_n;-54.54626812366322
G21IP_o+;-74.51381643642270
G21IP_o;-75.02239604584449
G21IP_p+;-340.75885973133222
G21IP_p;-341.14561731460049
G21IP_si+;-288.95672162269449
G21IP_si;-289.25871000687306
G21IP_s+;-397.60361530212919
G21IP_s;-397.98587019750119
G2RC_100;-132.64961733436962
G2RC_104;-189.65228803399890
G2RC_106;-209.07964233538399
G2RC_113;-153.72301521989027
G2RC_117;-476.60923015613901
G2RC_118;-552.99294327497591
G2RC_11;-56.52030379467499
G2RC_121;-177.71657455800383
G2RC_126;-228.94597441964964
G2RC_128;-613.22118843462522
G2RC_13;-76.38651956177767
G2RC_14;-100.40040427345689
G2RC_18;-291.76708077633816
G2RC_1;-1.16912561110596
G2RC_21;-399.27540590663824
G2RC_22;-460.67978517984830
G2RC_23;-14.96491847294312
G2RC_24;-107.35717315009792
G2RC_25;-77.26158442184573
G2RC_26;-78.51833171491512
G2RC_30;-113.23690966150581
G2RC_32;-114.42588250077394
G2RC_33;-115.64726233171839
G2RC_34;-109.45154800543297
G2RC_39;-199.41786555514108
G2RC_40;-188.47612508460855
G2RC_45;-920.11626777558786
G2RC_47;-364.57264867004614
G2RC_51;-559.78909530767010
G2RC_52;-582.35952843647533
G2RC_56;-548.43318158093018
G2RC_57;-324.40666132023603
G2RC_58;-1405.17724974998828
G2RC_59;-541.95863483530081
G2RC_60;-1622.77590787867985
G2RC_61;-437.29474460810206
G2RC_62;-1878.35800413075481
G2RC_66;-688.86989859156120
G2RC_67;-2129.91244124848890
G2RC_68;-184.55445213543032
G2RC_6;-39.09071418844348
G2RC_73;-274.53026952835188
G2RC_82;-117.79925525825243
G2RC_88;-155.84576066854328
G2RC_8;-40.47822718830942
G2RC_94;-232.05979608092696
G2RC_97;-959.42584435996935
HAL59_11_benF3-benAB;-761.70937127204627
HAL59_11_benF3-benA;-529.65048822774656
HAL59_11_benF3-benB;-232.05962751225306
HAL59_12_benF6-benAB;-1059.25527589767376
HAL59_12_benF6-benA;-827.19489398141775
HAL59_12_benF6-benB;-232.05959199267573
HAL59_19_benCl-acetoneAB;-884.55361555894865
HAL59_19_benCl-acetoneA;-691.54053963496131
HAL59_19_benCl-acetoneB;-193.01266855684958
HAL59_20_benBr-acetoneAB;-2998.38728541723140
HAL59_20_benBr-acetoneA;-2805.37327607683801
HAL59_20_benBr-acetoneB;-193.01264346490132
HAL59_21_benI-acetoneAB;-722.19841356515201
HAL59_21_benI-acetoneA;-529.18238906296415
HAL59_21_benI-acetoneB;-193.01261956462861
HAL59_22_benCl-Nm3AB;-865.87413136249120
HAL59_22_benCl-Nm3A;-691.54052063101960
HAL59_22_benCl-Nm3B;-174.33259919634412
HAL59_23_benBr-Nm3AB;-2979.70846653067974
HAL59_23_benBr-Nm3A;-2805.37325789616898
HAL59_23_benBr-Nm3B;-174.33261341335142
HAL59_24_benI-Nm3AB;-703.52087119144005
HAL59_24_benI-Nm3A;-529.18231541848900
HAL59_24_benI-Nm3B;-174.33257063810228
HAL59_25_benBr-mSHAB;-3243.92745181368082
HAL59_25_benBr-mSHA;-2805.37328698671990
HAL59_25_benBr-mSHB;-438.55266522072952
HAL59_26_benI-mSHAB;-967.73819749408142
HAL59_26_benI-mSHA;-529.18241003030244
HAL59_26_benI-mSHB;-438.55266490957780
HAL59_27_CH3Br-benAB;-2845.84725033317955
HAL59_27_CH3Br-benA;-232.05964652031906
HAL59_27_CH3Br-benB;-2613.78803836341149
HAL59_28_CH3I-benAB;-569.65963949159482
HAL59_28_CH3I-benA;-232.05963095110818
HAL59_28_CH3I-benB;-337.59960042555724
HAL59_29_CF3Br-benAB;-3143.44914760933216
HAL59_29_CF3Br-benA;-232.05962140943620
HAL59_29_CF3Br-benB;-2911.38831138912519
HAL59_30_CF3I-benAB;-867.25759545062431
HAL59_30_CF3I-benA;-232.05960492956243
HAL59_30_CF3I-benB;-635.19561111380790
HAL59_BrBr_FCCH;-5324.24949935568839
HAL59_BrBr_FMe;-5287.47917770073400
HAL59_BrBr_NCH;-5241.16869131745807
HAL59_BrBr_NH3;-5204.34661856007369
HAL59_BrBr_OCH2;-5262.24501476952719
HAL59_BrBr_OPH3;-5566.04965537695807
HAL59_BrBr;-5147.81333281845582
HAL59_BrBr_PCH;-5527.66377660875696
HAL59_BrBr_pyr;-5395.91796611272093
HAL59_F3CI;-635.19573212931618
HAL59_FBr;-2673.64433052085906
HAL59_FCCH;-176.43610234779200
HAL59_FCl;-559.78989094914550
HAL59_FI_FCCH;-573.91985992151899
HAL59_FI_FMe;-537.15491733884437
HAL59_FI_NCH;-490.85022720338776
HAL59_FI_NH3;-454.03445260619003
HAL59_FI_OCH2;-511.92554180675359
HAL59_FI_OPH3;-815.73352586216879
HAL59_FI;-397.48358450342261
HAL59_FI_PCH;-777.33856161272604
HAL59_FI_pyr;-645.60746487649214
HAL59_FMe;-139.66309263695561
HAL59_MeI_FCCH;-514.03562540272696
HAL59_MeI_FMe;-477.26395924975691
HAL59_MeI_NCH;-430.95169180455025
HAL59_MeI_NH3;-394.12389915417032
HAL59_MeI_OCH2;-452.02779111481635
HAL59_MeI_OPH3;-755.83141519098854
HAL59_MeI;-337.59959846666186
HAL59_MeI_PCH;-717.44952853442885
HAL59_MeI_pyr;-585.69438303742982
HAL59_NBS;-2932.46884308659901
HAL59_NCH_F3CI;-728.55095670758760
HAL59_NCH_FBr;-2767.00702053109035
HAL59_NCH_FCl;-653.14828314293709
HAL59_NCH_NBS;-3025.82476912150196
HAL59_NCH_NIS;-749.65281471646904
HAL59_NCH;-93.35080371139910
HAL59_NCH_PhBr;-2898.72484407905131
HAL59_NCH_PhI;-622.53533530375739
HAL59_NH3_F3CI;-691.72519121582991
HAL59_NH3_FBr;-2730.19186905482275
HAL59_NH3_FCl;-616.33115365040658
HAL59_NH3_NBS;-2989.00154475444788
HAL59_NH3_NIS;-712.83254571769828
HAL59_NH3;-56.52030067520673
HAL59_NH3_PhBr;-2861.89593518489391
HAL59_NH3_PhI;-585.70774381468323
HAL59_NIS;-656.29345078495169
HAL59_OCH2;-114.42590775894284
HAL59_OPH3;-418.22836796532061
HAL59_PCH_F3CI;-1015.04567936522790
HAL59_PCH_FBr;-3053.49751946227661
HAL59_PCH_FCl;-939.64128802219204
HAL59_PCH_NBS;-3312.31898668009444
HAL59_PCH_NIS;-1036.14449642328964
HAL59_PCH;-379.84966516594847
HAL59_PCH_PhBr;-3185.22325418710443
HAL59_PCH_PhI;-909.03256789814520
HAL59_PhBr;-2805.37357293949344
HAL59_PhI;-529.18268082077464
HAL59_pyr;-248.09087565626029
HEAVY28_bih3_2;-432.80402494985685
HEAVY28_bih3_h2o;-292.79168252052750
HEAVY28_bih3_h2s;-615.67795469945145
HEAVY28_bih3_hbr;-2790.91420111420348
HEAVY28_bih3_hcl;-677.08197932380006
HEAVY28_bih3_hi;-514.72222827044504
HEAVY28_bih3_nh3;-272.92283078700621
HEAVY28_bih3;-216.40191585474264
HEAVY28_h2o;-76.38654096293209
HEAVY28_h2s;-399.27536744569545
HEAVY28_hbr;-2574.51184261671460
HEAVY28_hcl;-460.67977976792781
HEAVY28_hi;-298.31954397100338
HEAVY28_nh3;-56.52030954060463
HEAVY28_pbh4_2;-390.38560260694533
HEAVY28_pbh4_bih3;-411.59478223515123
HEAVY28_pbh4_h2o;-271.57955957600342
HEAVY28_pbh4_hbr;-2769.70472043068321
HEAVY28_pbh4_hcl;-655.87260769328316
HEAVY28_pbh4_hi;-493.51238274501520
HEAVY28_pbh4;-195.19283381942367
HEAVY28_pbh4_teh2;-464.41396871262594
HEAVY28_sbh3_2;-484.06459874027337
HEAVY28_sbh3_h2o;-318.42120784585734
HEAVY28_sbh3_h2s;-641.30872625628194
HEAVY28_sbh3_hbr;-2816.54697420413459
HEAVY28_sbh3_hcl;-702.71521433141970
HEAVY28_sbh3_hi;-540.35378905643574
HEAVY28_sbh3_nh3;-298.55642569378585
HEAVY28_sbh3;-242.03219933395872
HEAVY28_teh2_2;-538.44190315593653
HEAVY28_teh2_h2o;-345.60819459645069
HEAVY28_teh2_h2s;-668.49629442928756
HEAVY28_teh2_hbr;-2843.73359362734573
HEAVY28_teh2_hcl;-729.90167246156227
HEAVY28_teh2_hi;-567.54098632766261
HEAVY28_teh2_nh3;-325.74632022160256
HEAVY28_teh2;-269.22107170366519
HEAVYSB11_as2me4;-4630.84648927582657
HEAVYSB11_asme2;-2315.38627177057469
HEAVYSB11_br2;-5147.81333412860204
HEAVYSB11_br;-2573.86461111763447
HEAVYSB11_cl2;-920.11769427393688
HEAVYSB11_cl;-460.01114759796747
HEAVYSB11_ge2h6;-4157.16482531649763
HEAVYSB11_geh3;-2078.52629914497311
HEAVYSB11_h2s2;-797.35798494263622
HEAVYSB11_h2se2;-4803.85179207076453
HEAVYSB11_p2me4;-842.03064294399746
HEAVYSB11_pb2me6;-624.97048949912812
HEAVYSB11_pbme3;-312.44840070276280
HEAVYSB11_pme2;-420.97165064976593
HEAVYSB11_sb2me4;-640.05909584247217
HEAVYSB11_sbme2;-319.99893897627624
HEAVYSB11_seh;-2401.88013864308323
HEAVYSB11_sh;-398.62553886689903
HEAVYSB11_sn2me6;-667.91793721184160
HEAVYSB11_snme3;-333.91445318106878
HEAVYSB11_te2me2;-615.85847393912218
HEAVYSB11_teme;-307.88943612634421
ICONF_H2S2O7_1;-1323.63907781320404
ICONF_H2S2O7_2;-1323.63805356894045
ICONF_H2S2O7_3;-1323.63376704732445
ICONF_H4P2O7_1;-1211.48542728897110
ICONF_H4P2O7_2;-1211.48337698246951
ICONF_H4P2O7_3;-1211.47939201201052
ICONF_H4P2O7_4;-1211.47948266138383
ICONF_N3H5_1;-167.08666803027222
ICONF_N3H5_2;-167.08503699443486
ICONF_N3H5_3;-167.07845110714771
ICONF_N3P3H12_1;-1191.55697996732169
ICONF_N3P3H12_2;-1191.53729642416511
ICONF_N4H6_1;-222.37489373957797
ICONF_N4H6_2;-222.37343616489323
ICONF_N4H6_3;-222.36953138501249
ICONF_P7H7_1;-2392.97206460189227
ICONF_P7H7_2;-2392.96942712890996
ICONF_S4O4_1;-1892.89830258822167
ICONF_S4O4_2;-1892.89077389739577
ICONF_S8_1;-3184.71998558452651
ICONF_S8_2;-3184.70235978338360
ICONF_SI5H12_1;-1454.14194108097104
ICONF_SI5H12_2;-1454.14238373072817
ICONF_SI5H12_3;-1454.14017486586226
ICONF_SI5H12_4;-1454.13597631217249
ICONF_SI6H12_1;-1743.56367649650497
ICONF_SI6H12_2;-1743.56063420729060
IDISP_antdimer;-1078.18843032463201
IDISP_ant;-539.09872540736740
IDISP_F14f;-551.11643662674373
IDISP_F14l;-551.12642973094523
IDISP_F22f;-865.35279543624392
IDISP_F22l;-865.37295143654796
IDISP_h2;-1.16909826234540
IDISP_octane1;-315.43561116817875
IDISP_octane2;-315.44359702095369
IDISP_pc22;-618.80363799444081
IDISP_pxylene;-310.62792897164138
IDISP_undecan1;-433.25400194540691
IDISP_undecan2;-433.28671174541410
IL16_008A;-304.98672676530811
IL16_008B;-460.14240428573271
IL16_008;-765.28517969365907
IL16_144A;-135.43113581174731
IL16_144B;-426.78666987742292
IL16_144;-562.40803563655709
IL16_147A;-135.43140608950398
IL16_147B;-526.00679185110312
IL16_147;-661.62227133003637
IL16_148A;-265.70973005754422
IL16_148B;-460.14240428573009
IL16_148;-726.01805931061813
IL16_150A;-265.71120310594040
IL16_150B;-280.20820098176500
IL16_150;-546.08320505254278
IL16_152A;-265.71131515097090
IL16_152B;-760.63319492688970
IL16_152;-1026.47982217789672
IL16_187A;-252.07390970397569
IL16_187B;-460.14240428573260
IL16_187;-712.39484204328710
IL16_202A;-213.99006811588512
IL16_202B;-460.14240428572958
IL16_202;-674.31085919272732
IL16_212A;-174.71177298118462
IL16_212B;-460.14240428573100
IL16_212;-635.03564610564194
IL16_213A;-174.71183563203346
IL16_213B;-280.20729965328013
IL16_213;-455.09582781531708
IL16_214A;-174.71162673717822
IL16_214B;-760.63216551186758
IL16_214;-935.50477667015082
IL16_227A;-135.43181774940854
IL16_227B;-460.14240428573169
IL16_227;-595.76148220864081
IL16_228A;-135.42791621457985
IL16_228B;-280.20744636136516
IL16_228;-415.81172982423726
IL16_229A;-135.43209287769832
IL16_229B;-760.63124962628683
IL16_229;-896.22950614115246
IL16_230A;-135.43233810046570
IL16_230B;-663.58582338303916
IL16_230;-799.19277822361789
IL16_231A;-135.43247349873582
IL16_231B;-961.19759529989153
IL16_231;-1096.79046417375548
INV24_BN_Corannulene;-802.28801522401568
INV24_BN_Corannulene_TS;-802.27943728728815
INV24_BN_Sumanene;-838.12963665731240
INV24_BN_Sumanene_TS;-838.08763510492486
INV24_Corannulene;-767.55014867653540
INV24_Corannulene_TS;-767.53381151547114
INV24_Dibenzocarbazole;-824.11254834027727
INV24_Dibenzocarbazole_TS;-824.10682884476091
INV24_Dibenzocycloheptene;-578.36485951622240
INV24_Dibenzocycloheptene_TS;-578.34990899448064
INV24_Ether;-154.91445399446317
INV24_Ether_TS;-154.85988981732169
INV24_H2O;-76.38651955273370
INV24_H2O_TS;-76.33862425349972
INV24_H2S;-399.27542071221427
INV24_H2S_TS;-399.16538660537026
INV24_Hexahelicene;-999.65257509242520
INV24_Hexahelicene_TS;-999.59472276353335
INV24_Methinecyanine;-844.10422637059969
INV24_Methinecyanine_TS;-844.08692907502564
INV24_NCl3;-1434.82050660702816
INV24_NCl3_TS;-1434.79531958785901
INV24_NMe3;-174.33262026021649
INV24_NMe3_TS;-174.32031519132403
INV24_PCl3;-1721.55454781561662
INV24_PCl3_TS;-1721.42609851472662
INV24_Pentahelicene;-846.13641407561977
INV24_Pentahelicene_TS;-846.09825352404596
INV24_PH2Ph;-573.89723325152295
INV24_PH2Ph_TS;-573.85007377605189
INV24_PMe3;-460.89253965853720
INV24_PMe3_TS;-460.82747772848006
INV24_PPh3;-1035.64039142392971
INV24_PPh3_TS;-1035.60168523208199
INV24_SO2;-548.43464671370248
INV24_SO2_TS;-548.33160083997291
INV24_Sumanene;-806.80724716208579
INV24_Sumanene_TS;-806.77582410976834
INV24_Tetrabenzopyracylene;-997.22258428515761
INV24_Tetrabenzopyracylene_TS;-997.21124458493932
INV24_Tetrahelicene;-692.62180061484287
INV24_Tetrahelicene_TS;-692.61512186740561
INV24_Thioether;-477.83327342204416
INV24_Thioether_TS;-477.71525947252815
INV24_Triazasumanene;-854.88642455374634
INV24_Triazasumanene_TS;-854.82022143899758
INV24_Triindenotriphenylene;-1149.49331542670734
INV24_Triindenotriphenylene_TS;-1149.38531590155117
ISO34_E10;-197.60286190777563
ISO34_E11;-315.43521739940269
ISO34_E12;-271.34436346112710
ISO34_E13;-309.39528805821732
ISO34_E14;-132.64960237157624
ISO34_E15;-135.07064814940787
ISO34_E16;-133.83453225051471
ISO34_E17;-190.38540000417044
ISO34_E18;-212.42039175012175
ISO34_E19;-264.12501513257712
ISO34_E1;-116.55504666864707
ISO34_E20;-264.11799515682844
ISO34_E21;-287.37884260389620
ISO34_E22;-287.38642731569468
ISO34_E23;-291.00143050873805
ISO34_E24;-154.93341047736823
ISO34_E25;-153.72297592370597
ISO34_E26;-228.94590466335271
ISO34_E27;-230.11165187206336
ISO34_E28;-193.01593148692217
ISO34_E29;-232.28113156657204
ISO34_E30;-248.35264246594269
ISO34_E31;-306.29019778222619
ISO34_E32;-345.56762400844889
ISO34_E33;-386.06996019046369
ISO34_E34;-346.53199871987795
ISO34_E3;-117.80534529454130
ISO34_E4;-157.09131070405181
ISO34_E5;-157.09211361420773
ISO34_E7;-155.85934534274583
ISO34_E8;-195.16748643018940
ISO34_E9;-195.14630235708924
ISO34_P10;-197.60031105767288
ISO34_P11;-315.44331171168329
ISO34_P12;-271.26534545404957
ISO34_P13;-309.33175616720933
ISO34_P14;-132.61101659159493
ISO34_P15;-135.05809985299805
ISO34_P16;-133.82375003894811
ISO34_P17;-190.34254356691486
ISO34_P18;-212.40229647629874
ISO34_P1;-116.55761969659653
ISO34_P20;-264.08900874335347
ISO34_P21;-287.37703101901815
ISO34_P23;-290.99303463791836
ISO34_P24;-154.91437114090354
ISO34_P25;-153.68457868344137
ISO34_P26;-228.91758549608124
ISO34_P27;-230.00819096806256
ISO34_P28;-192.96872780280486
ISO34_P29;-232.25755773258950
ISO34_P2;-116.52465118421213
ISO34_P30;-248.33649221738031
ISO34_P31;-306.26260924844746
ISO34_P32;-345.55397550089350
ISO34_P33;-386.05193530863215
ISO34_P34;-346.51914095167848
ISO34_P3;-117.79923377142703
ISO34_P4;-157.08951160222821
ISO34_P6;-157.08588516353765
ISO34_P7;-155.84570807071887
ISO34_P8;-195.13322330986395
ISO34_P9;-195.13324403292239
ISOL24_i10e;-620.25445851656650
ISOL24_i10p;-620.24496729384737
ISOL24_i11e;-875.06694121224518
ISOL24_i11p;-875.01063409003677
ISOL24_i12e;-1113.11359159122981
ISOL24_i12p;-1113.11370373710656
ISOL24_i13e;-573.58451275061179
ISOL24_i13p;-573.53435870771170
ISOL24_i14e;-651.61700915412052
ISOL24_i14p;-651.60789000012619
ISOL24_i15e;-736.77806063262369
ISOL24_i15p;-736.77722963044653
ISOL24_i16e;-1319.27732314850300
ISOL24_i16p;-1319.23641828115478
ISOL24_i17e;-925.82793230596394
ISOL24_i17p;-925.81098306634408
ISOL24_i18e;-963.71475497660299
ISOL24_i18p;-963.69251946529289
ISOL24_i19e;-2658.53041720599185
ISOL24_i19p;-2658.50554802019633
ISOL24_i1e;-1315.86396745157481
ISOL24_i1p;-1315.75187298664696
ISOL24_i20e;-739.88573383124503
ISOL24_i20p;-739.87683965806173
ISOL24_i21e;-1283.97870194039456
ISOL24_i21p;-1283.96552751404033
ISOL24_i22e;-1784.19605759460410
ISOL24_i22p;-1784.20959682371085
ISOL24_i23e;-1136.42322532560252
ISOL24_i23p;-1136.39137720108397
ISOL24_i24e;-994.38913635269250
ISOL24_i24p;-994.36717707316666
ISOL24_i2e;-735.94576212936386
ISOL24_i2p;-735.89305577298501
ISOL24_i3e;-686.76497134809097
ISOL24_i3p;-686.74668602274494
ISOL24_i4e;-1247.51408864491759
ISOL24_i4p;-1247.43494905199532
ISOL24_i5e;-655.93091018698624
ISOL24_i5p;-655.87365829551118
ISOL24_i6e;-1111.43513989683152
ISOL24_i6p;-1111.38555201701774
ISOL24_i7e;-854.74550353342033
ISOL24_i7p;-854.72246094930688
ISOL24_i8e;-941.05243227576375
ISOL24_i8p;-941.00080455307511
ISOL24_i9e;-468.98298531279545
ISOL24_i9p;-468.95335467017708
MB16-43_01;-1277.77590350399032
MB16-43_02;-1522.12227400674919
MB16-43_03;-1303.13036813585677
MB16-43_04;-1112.96735940177450
MB16-43_05;-2277.16287382352857
MB16-43_06;-689.69170538804974
MB16-43_07;-1492.38884274269890
MB16-43_08;-760.85970034867466
MB16-43_09;-949.99598265301927
MB16-43_10;-1247.23875302959277
MB16-43_11;-802.05970727381236
MB16-43_12;-1661.28496434833232
MB16-43_13;-1444.47432991986193
MB16-43_14;-1371.35165123064417
MB16-43_15;-1933.49846265494079
MB16-43_16;-1381.90843077365116
MB16-43_17;-956.00313756799244
MB16-43_18;-1011.53910108444734
MB16-43_19;-1801.17009883323726
MB16-43_20;-804.53961070491857
MB16-43_21;-1686.57758802215494
MB16-43_22;-870.82071259837585
MB16-43_23;-1479.66360112524080
MB16-43_24;-1722.35250735358795
MB16-43_25;-1225.06671427573883
MB16-43_26;-1291.11328903668300
MB16-43_27;-1427.86453607151498
MB16-43_28;-581.78420567351213
MB16-43_29;-1140.64261586854786
MB16-43_30;-1509.59947366846563
MB16-43_31;-2333.28106066345026
MB16-43_32;-1269.94089246662497
MB16-43_33;-1339.74897023089170
MB16-43_34;-1444.50668707384648
MB16-43_35;-1786.96980125824848
MB16-43_36;-1156.69633131075534
MB16-43_37;-1718.05984941665884
MB16-43_38;-1836.20588979865920
MB16-43_39;-935.22418372181812
MB16-43_40;-1067.99108264510460
MB16-43_41;-1468.02322034558506
MB16-43_42;-1321.56932829917696
MB16-43_43;-1189.44274894692171
MB16-43_AlH3;-244.08718630239628
MB16-43_BeH2;-15.87565308264387
MB16-43_BH3;-26.56849081101183
MB16-43_CH4;-40.47817748556520
MB16-43_Cl2;-920.11730271447266
MB16-43_F2;-199.41725471535756
MB16-43_H2;-1.16912601265227
MB16-43_LiH;-8.05246613336711
MB16-43_MgH2;-201.13230277799855
MB16-43_N2;-109.45119309562040
MB16-43_NaH;-162.74907697555270
MB16-43_O2;-150.24181004521651
MB16-43_P2;-682.46909937096120
MB16-43_S2;-796.14207324002200
MB16-43_SiH4;-291.76708010462238
MCONF_10;-764.43240100559092
MCONF_11;-764.42832741604843
MCONF_12;-764.42795045974003
MCONF_13;-764.43219298064105
MCONF_14;-764.43643506125363
MCONF_15;-764.43203292226076
MCONF_16;-764.42875784466901
MCONF_17;-764.42677326817306
MCONF_18;-764.43461268178157
MCONF_19;-764.43123276561323
MCONF_1;-764.43603013024062
MCONF_20;-764.43292931121050
MCONF_21;-764.43538382568408
MCONF_22;-764.42786389469393
MCONF_23;-764.42779395013099
MCONF_24;-764.43215364706521
MCONF_25;-764.43423935341275
MCONF_26;-764.43204346008292
MCONF_27;-764.43174035777429
MCONF_28;-764.43227190229368
MCONF_29;-764.43090394621504
MCONF_2;-764.43795571655323
MCONF_30;-764.42777141803685
MCONF_31;-764.43226355713773
MCONF_32;-764.42835520550921
MCONF_33;-764.42832519046829
MCONF_34;-764.42926055142607
MCONF_35;-764.43154324172087
MCONF_36;-764.43105464287351
MCONF_37;-764.42397526790842
MCONF_38;-764.43100553281943
MCONF_39;-764.43141491560232
MCONF_3;-764.43431664415607
MCONF_40;-764.42769137814594
MCONF_41;-764.42755187781609
MCONF_42;-764.43018459335804
MCONF_43;-764.42765106289085
MCONF_44;-764.42756028015879
MCONF_45;-764.43092884976568
MCONF_46;-764.42682967288442
MCONF_47;-764.42673439472924
MCONF_48;-764.42989089677053
MCONF_49;-764.42652801690065
MCONF_4;-764.43686116649224
MCONF_50;-764.42651902921625
MCONF_51;-764.42947279151599
MCONF_52;-764.42607828324935
MCONF_5;-764.43222304866799
MCONF_6;-764.43380226861154
MCONF_7;-764.43175240322284
MCONF_8;-764.43142832027320
MCONF_9;-764.43543644095143
NBPRC_BCl3;-1405.17730286322490
NBPRC_BCl3PMe3;-1866.11400487596939
NBPRC_BF3;-324.40666130856300
NBPRC_BF3PMe3;-785.32408293725803
NBPRC_bh3_v2;-26.56849291222742
NBPRC_BH3_v1;-26.56848390594579
NBPRC_BH3PH3;-369.64379604249029
NBPRC_bz;-242.47313479262041
NBPRC_cbut;-163.97391691519019
NBPRC_ch;-245.98326314578148
NBPRC_h2_v2;-1.16912556529033
NBPRC_H2_v1;-1.16912566119592
NBPRC_K_Cl;-1867.25688043181071
NBPRC_K_F;-786.46163110711336
NBPRC_K_H;-370.75185988543757
NBPRC_nh2-bh2;-81.97041089563083
NBPRC_nh3-bh3;-83.14402482380864
NBPRC_nh3;-56.52031475750894
NBPRC_nh-bh;-80.73391436034645
NBPRC_PH3;-343.02825045898231
NBPRC_PMe3;-460.89241404770411
PA26_A;-467.00488677435465
PA26_Ap;-467.31404222854394
PA26_ass;-648.26652373678962
PA26_assp;-648.60858835340241
PA26_c2f6;-674.96691408725076
PA26_c2f6p;-675.16403377316419
PA26_c2h2;-77.26158180360585
PA26_c2h2p;-77.51817497560283
PA26_ch2s;-437.31265883764809
PA26_ch2sp;-437.61589023791913
PA26_ch3cooh;-228.94587252057374
PA26_ch3coohp;-229.25490321864561
PA26_C;-394.67406380790283
PA26_Cp;-395.05304942224893
PA26_cys;-721.62328374442461
PA26_cysp;-721.97719703238556
PA26_ethanol;-154.93351702413185
PA26_ethanolp;-155.24115137834434
PA26_gly;-284.25936322207701
PA26_glyp;-284.60912259946099
PA26_G;-542.20469342485296
PA26_Gp;-542.58604246098434
PA26_h2o;-76.38652221417118
PA26_h2op;-76.66288777448351
PA26_h2;-1.16912565618992
PA26_h2p;-1.33985515814377
PA26_h2s;-399.27538355596579
PA26_h2sp;-399.55533241711339
PA26_hcl;-460.67978060471148
PA26_hclp;-460.90211055952159
PA26_nh3;-56.52029758222290
PA26_nh3p;-56.86012092540821
PA26_p2;-78.51832022764586
PA26_p2p;-78.79034229421920
PA26_p4;-155.85934355964645
PA26_p4p;-156.17534156632598
PA26_p6;-233.20202550839548
PA26_p6p;-233.54588297156315
PA26_p8;-310.54533615132436
PA26_p8p;-310.90693437746546
PA26_ph3;-343.02823499083172
PA26_ph3p;-343.33607380784520
PA26_phenol;-307.24724113860162
PA26_phenolp;-307.57176539651130
PA26_phosphapyrrol;-496.49238272756190
PA26_phosphapyrrolp;-496.84492773263810
PA26_si2h6;-582.35925035563139
PA26_si2h6p;-582.64692883422276
PA26_sih4;-291.76706929005820
PA26_sih4p;-292.01766559222756
PA26_T;-453.84273820409476
PA26_Tp;-454.18306894461517
PArel_A0;-467.37960740738163
PArel_A1;-467.37748911745268
PArel_A2;-467.36649135327184
PArel_aminocoohbz1;-476.20152944318022
PArel_aminocoohbz2;-476.21146923914642
PArel_aminocoohbz3;-476.19462001284040
PArel_arg0;-606.55884798699572
PArel_arg2;-606.56410980902933
PArel_c2cl41;-1916.66850752231744
PArel_c2cl42;-1916.66462643516752
PArel_c2cl43;-1916.67148945799772
PArel_c2h2f41;-476.76614536852060
PArel_c2h2f42;-476.76744046849626
PArel_h2s2o71;-1323.92246512709335
PArel_h2s2o72;-1323.89428599492294
PArel_h4p2o71;-1211.76214011734783
PArel_h4p2o72;-1211.75734407206710
PArel_his0;-548.80399838729647
PArel_his1;-548.80568859932418
PArel_his2;-548.80684770545656
PArel_his3;-548.79408833947389
PArel_s4o41;-1893.18065326033002
PArel_s4o42;-1893.19938567332656
PArel_sugar0;-651.18752762156953
PArel_sugar2;-651.18144690921838
PArel_sugar3;-651.18111116254522
PArel_sugar4;-651.18090824797946
PArel_T0;-454.18379938703868
PArel_T1;-454.18860994399597
PArel_T2;-454.17595651227361
PArel_T3;-454.17427101492120
PCONF21_114;-970.16878946774091
PCONF21_215;-970.17158465282432
PCONF21_224;-970.16943868652993
PCONF21_300;-970.17241349155893
PCONF21_357;-970.17068634171414
PCONF21_366;-970.17308728437752
PCONF21_412;-970.16603303439774
PCONF21_444;-970.17389080862495
PCONF21_470;-970.16954387461124
PCONF21_691;-970.17137883025566
PCONF21_99;-970.16782047109768
PCONF21_GLY_ab;-950.55417599360158
PCONF21_GLY_aL;-950.54208961803647
PCONF21_GLY_aR;-950.54484379879273
PCONF21_GLY_b;-950.55102083589986
PCONF21_GLY_pII;-950.54933725350907
PCONF21_SER_ab;-1065.01417592812459
PCONF21_SER_aL;-1065.00196627129185
PCONF21_SER_aR;-1065.00435085805248
PCONF21_SER_b;-1065.00994077310565
PCONF21_SER_pII;-1065.00662797155792
PNICO23_10a;-419.11064694268964
PNICO23_10b;-419.11064694326734
PNICO23_10;-838.22337197519141
PNICO23_11a;-435.20122543087047
PNICO23_11b;-435.20122543249948
PNICO23_11;-870.40353288427059
PNICO23_12a;-435.17654920980829
PNICO23_12b;-435.17654918860001
PNICO23_12;-870.35659111541213
PNICO23_13a;-155.63676730567823
PNICO23_13b;-155.63676730567016
PNICO23_13;-311.27912000066635
PNICO23_14a;-442.24919028070474
PNICO23_14b;-343.02806481482713
PNICO23_14;-785.28365539592653
PNICO23_15a;-155.63664384091416
PNICO23_15b;-56.52031022407356
PNICO23_15;-212.16316294837682
PNICO23_16a;-56.52030605802310
PNICO23_16b;-343.02818956652430
PNICO23_16;-399.55053293661649
PNICO23_17a;-56.52028731918051
PNICO23_17b;-442.24868110843528
PNICO23_17;-498.78043282260558
PNICO23_18a;-155.63677143077624
PNICO23_18b;-343.02815988374584
PNICO23_18;-498.66796722021223
PNICO23_19a;-155.63675582188577
PNICO23_19b;-442.24900032652579
PNICO23_19;-597.89548217316383
PNICO23_1a;-343.02821371647298
PNICO23_1b;-343.02821371652334
PNICO23_1;-686.05764382367693
PNICO23_20a;-56.52029589411822
PNICO23_20b;-547.42245702522121
PNICO23_20;-603.95576084865615
PNICO23_21a;-56.52031210906274
PNICO23_21b;-435.20100682879519
PNICO23_21;-491.72861519809499
PNICO23_22a;-56.52029924786255
PNICO23_22b;-527.36558092692962
PNICO23_22;-583.89775549826527
PNICO23_23a;-56.52029263355132
PNICO23_23b;-619.52364780241942
PNICO23_23;-676.06039648865931
PNICO23_2a;-442.24869103813319
PNICO23_2b;-442.24869103800120
PNICO23_2;-884.51460384888946
PNICO23_3a;-640.75738767708231
PNICO23_3b;-640.75738767713949
PNICO23_3;-1281.51498662627910
PNICO23_4a;-802.53070761928564
PNICO23_4b;-802.53070761875870
PNICO23_4;-1605.06895668675884
PNICO23_5a;-1721.55510469010324
PNICO23_5b;-1721.55510469240289
PNICO23_5;-3443.11099854980057
PNICO23_6a;-368.43562978657485
PNICO23_6b;-368.43562978702545
PNICO23_6;-736.87190033891420
PNICO23_7a;-418.22851402398635
PNICO23_7b;-418.22851402400119
PNICO23_7;-836.46414734571101
PNICO23_8a;-398.35929860545031
PNICO23_8b;-398.35929860454348
PNICO23_8;-796.72144434047834
PNICO23_9a;-481.54396147062187
PNICO23_9b;-481.54396146958311
PNICO23_9;-963.09510893775882
PX13_h2o_2;-152.78121966393155
PX13_h2o_2_ts;-152.71121763111105
PX13_h2o_3;-229.18520208635096
PX13_h2o_3_ts;-229.14718684286746
PX13_h2o_4;-305.59190878107188
PX13_h2o_4_ts;-305.56008670801521
PX13_h2o_5;-381.99316263431518
PX13_h2o_5_ts;-381.95804499530755
PX13_h2o_6;-458.39399193427215
PX13_h2o_6_ts;-458.35332568136783
PX13_h2o;-76.38650801973961
PX13_hf_2;-200.80846280887206
PX13_hf_2_ts;-200.74867222979853
PX13_hf_3;-301.22716628284280
PX13_hf_3_ts;-301.20288376028333
PX13_hf_4;-401.65022832511590
PX13_hf_4_ts;-401.63543884529781
PX13_hf_5;-502.06885258888843
PX13_hf_5_ts;-502.05526088055035
PX13_hf_6;-602.48443880173795
PX13_hf_6_ts;-602.46931116645794
PX13_hf;-100.40039404717000
PX13_nh3_2;-113.04541300831022
PX13_nh3_2_ts;-112.95690550635159
PX13_nh3_3;-169.57702555450803
PX13_nh3_3_ts;-169.51286066454489
PX13_nh3_4;-226.10697821715908
PX13_nh3_4_ts;-226.03969506102317
PX13_nh3;-56.52029736363843
RC21_10e;-247.76026350905178
RC21_10p1;-154.18949385551596
RC21_10p2;-93.35080591241916
RC21_1e;-231.95687656444653
RC21_1p1;-192.10748153321859
RC21_1p2;-152.81793511197407
RC21_1p3;-79.08895239264659
RC21_2e;-233.14644553098961
RC21_2p1;-193.29131920055147
RC21_2p2;-154.25572486805487
RC21_2p3;-78.79038341091899
RC21_3e;-271.02720526962923
RC21_3int1;-270.97070154448983
RC21_3int2;-271.00191791475152
RC21_3int3;-271.00334629547478
RC21_3p1;-270.43037447298542
RC21_3p2;-0.50129094364213
RC21_3p3;-270.44451486978255
RC21_4e;-156.74403117585791
RC21_4p;-116.86192185030991
RC21_5e;-157.94625348377809
RC21_5p;-118.10546229337089
RC21_6e;-271.24021648520193
RC21_6int;-271.25061496173419
RC21_6p1;-192.68412650225159
RC21_6p3;-231.39337137007251
RC21_7e;-305.92513860108386
RC21_7p1;-229.52846053688964
RC21_7p2;-76.38653964311075
RC21_7p3;-116.85079415983787
RC21_7p4;-188.98700038458767
RC21_7p5;-230.17342372482227
RC21_7p6;-75.69191189368968
RC21_8e;-234.13942155691450
RC21_8p1;-155.53346012524997
RC21_9e;-306.94317812395553
RC21_9p1;-193.64337825980266
RC21_9p2;-113.23693405706982
RC21_ethylene;-78.51833728182018
RC21_me;-39.80267440021656
RC21_pr;-118.36980722599000
RG18_ar2;-1054.77444623897122
RG18_ar3;-1582.16190561292092
RG18_ar4;-2109.54936529385668
RG18_ar;-527.38719108673433
RG18_bzAr;-759.44711149496561
RG18_bzNe;-360.93111747235184
RG18_bz;-232.05976057117169
RG18_c2h2Ar;-604.64867126709873
RG18_c2h2Ne;-206.13262722758174
RG18_c2h2;-77.26136042625484
RG18_c2h6Ar;-607.14447343623965
RG18_c2h6Ne;-208.62838776068847
RG18_c2h6;-79.75708948738188
RG18_hfAr;-627.78848489822826
RG18_hfKr;-2853.90886998542146
RG18_hfNe;-229.27196886648545
RG18_hf;-100.40043440135607
RG18_kr2;-5507.01474696757487
RG18_kr3;-8260.52238645862053
RG18_kr;-2753.50736514411028
RG18_ne2;-257.74233656385894
RG18_ne3;-386.61365147332134
RG18_ne4;-515.48502940946037
RG18_ne6;-773.22781643767019
RG18_ne;-128.87110752553403
RSE43_E10;-154.93348369104618
RSE43_E11;-117.80534635962341
RSE43_E12;-153.72297653164730
RSE43_E13;-132.64960213435359
RSE43_E15;-209.07956311207454
RSE43_E16;-248.35264617220034
RSE43_E17;-268.21035965450488
RSE43_E18;-228.94590628056818
RSE43_E19;-157.08297072457566
RSE43_E1;-40.47822041633314
RSE43_E20;-139.66296942123708
RSE43_E21;-95.78651810409885
RSE43_E22;-96.14337563705854
RSE43_E23;-135.05810165240516
RSE43_E24;-209.06064365771064
RSE43_E25;-170.91646078409485
RSE43_E26;-174.33253992842432
RSE43_E27;-244.86716887231000
RSE43_E28;-452.54761356999813
RSE43_E29;-154.91436913444164
RSE43_E2;-271.34436095592844
RSE43_E30;-228.90993756587292
RSE43_E31;-268.19894480083849
RSE43_E32;-115.64723299229229
RSE43_E33;-382.65006561680104
RSE43_E34;-477.83262051797368
RSE43_E35;-551.81284445342089
RSE43_E36;-438.85880158532950
RSE43_E37;-438.55225221613784
RSE43_E38;-628.19203693761517
RSE43_E39;-552.99125182275736
RSE43_E3;-170.69456713913451
RSE43_E40;-187.95666463975459
RSE43_E41;-264.39228363895535
RSE43_E42;-284.25750081735623
RSE43_E43;-116.55504672492890
RSE43_E44;-158.32056524102362
RSE43_E45;-197.60286295154438
RSE43_E4;-177.71653755187168
RSE43_E5;-1458.18130163707315
RSE43_E6;-317.45071994274804
RSE43_E7;-377.37634516365000
RSE43_E8;-539.23674110603133
RSE43_E9;-178.95093275929736
RSE43_P10;-154.26299411948384
RSE43_P11;-117.16062437606860
RSE43_P12;-153.06558370745040
RSE43_P13;-131.99048230990292
RSE43_P15;-208.41581987883120
RSE43_P16;-247.68909814897154
RSE43_P17;-267.54715835465652
RSE43_P18;-228.28242114591220
RSE43_P19;-156.41410108079913
RSE43_P1;-39.80267555322781
RSE43_P20;-138.99552132456893
RSE43_P21;-95.13316849748455
RSE43_P22;-95.46215818322013
RSE43_P23;-134.40582006293818
RSE43_P24;-208.40543953827205
RSE43_P25;-170.25847347511615
RSE43_P26;-173.68055337783059
RSE43_P27;-244.19943965441064
RSE43_P28;-451.88056343479786
RSE43_P29;-154.24573934435435
RSE43_P2;-270.69494305370199
RSE43_P30;-228.24637583062258
RSE43_P31;-267.53633404991672
RSE43_P32;-114.98092928834083
RSE43_P33;-381.97440735433247
RSE43_P34;-477.17706962819142
RSE43_P35;-551.15363024354815
RSE43_P36;-438.18096475997010
RSE43_P37;-437.89438569987453
RSE43_P38;-627.51858177065446
RSE43_P39;-552.32321711062252
RSE43_P3;-170.02230111176593
RSE43_P40;-187.32429175487255
RSE43_P41;-263.76158981309550
RSE43_P42;-283.62958057206168
RSE43_P43;-115.90418275191529
RSE43_P44;-157.66110864587381
RSE43_P45;-196.93280567673654
RSE43_P4;-177.03249060069152
RSE43_P5;-1457.50977086969715
RSE43_P6;-316.77689866718185
RSE43_P7;-376.70035857331095
RSE43_P8;-538.56807903436709
RSE43_P9;-178.27918120854201
S22_01a;-56.52030448122996
S22_01;-113.04513835032196
S22_02a;-76.38655151511651
S22_02b;-76.38651289717750
S22_02;-152.78128744587201
S22_03a;-189.65017215848860
S22_03;-379.33082693178449
S22_04a;-169.78769456716788
S22_04;-339.60007581999810
S22_05a;-414.55486792129642
S22_05;-829.14053767940504
S22_06a;-323.29186475845836
S22_06b;-303.42726549297913
S22_06;-626.74390565284659
S22_07a;-467.00397456481977
S22_07b;-453.84144669545088
S22_07;-920.86877216915627
S22_08a;-40.47822704772609
S22_08;-80.95652384142753
S22_09a;-78.51817174394924
S22_09;-157.03690335355816
S22_10a;-232.05964870426789
S22_10b;-40.47820939182094
S22_10;-272.53803361998541
S22_11a;-232.05961677000741
S22_11;-464.11650033717763
S22_12a;-264.11748670849636
S22_12;-528.23422924409249
S22_13a;-414.55564262829080
S22_13;-829.11682159651536
S22_14a;-363.54248530218905
S22_14b;-232.05970920705693
S22_14;-595.59895493257329
S22_15a;-467.00345191709505
S22_15b;-453.84252273496946
S22_15;-920.84971782926277
S22_16a;-78.51815990960520
S22_16b;-77.26126857338124
S22_16;-155.78138459129775
S22_17a;-232.05959750159437
S22_17b;-76.38647029773078
S22_17;-308.44991253630639
S22_18a;-232.05963461151993
S22_18b;-56.52021278251333
S22_18;-288.58164673069518
S22_19a;-232.05957941820415
S22_19b;-93.34965148351711
S22_19;-325.41450427539354
S22_20a;-232.05962102693945
S22_20b;-232.05952888215722
S22_20;-464.11976491507085
S22_21a;-363.54240943921315
S22_21b;-232.05961205469069
S22_21;-595.60587347449814
S22_22a;-307.24695454351968
S22_22b;-307.24695454351564
S22_22;-614.50082259290207
S66_01A;-76.38647024727676
S66_01B;-76.38652343533458
S66_01;-152.78117532867989
S66_02A;-76.38645444909889
S66_02B;-115.64719270845430
S66_02;-192.04219805503394
S66_03A;-76.38634649467960
S66_03B;-95.78646121959264
S66_03;-172.18423055564998
S66_04A;-76.38638173443347
S66_04B;-248.35274155354881
S66_04;-324.75126126186404
S66_05A;-115.64721680376401
S66_05B;-115.64720495914744
S66_05;-231.30290080681968
S66_06A;-115.64701348037406
S66_06B;-95.78645388997653
S66_06;-211.44497427629352
S66_07A;-115.64708570525752
S66_07B;-248.35247263126314
S66_07;-364.01150912226814
S66_08A;-115.64724304198978
S66_08B;-76.38652721425225
S66_08;-192.04181063735649
S66_09A;-95.78648247690180
S66_09B;-115.64726332813908
S66_09;-211.43738195827379
S66_10A;-95.78646745870263
S66_10B;-95.78643774386660
S66_10;-191.57785307505887
S66_11A;-95.78643269902626
S66_11B;-248.35262786366636
S66_11;-344.14480615113661
S66_12A;-95.78642783197334
S66_12B;-76.38633685802201
S66_12;-172.18421777588628
S66_13A;-248.35253880611654
S66_13B;-115.64723298572289
S66_13;-364.00755587656215
S66_14A;-248.35232784938182
S66_14B;-95.78642056517555
S66_14;-344.14873680810587
S66_15A;-248.35263759393740
S66_15B;-248.35269884755721
S66_15;-496.71607644885330
S66_16A;-248.35281296136344
S66_16B;-76.38653061008776
S66_16;-324.74684493550711
S66_17A;-414.55509577332543
S66_17B;-414.55523300041477
S66_17;-829.13606546164419
S66_18A;-76.38635400743937
S66_18B;-248.09046063740439
S66_18;-324.48766618776494
S66_19A;-115.64701615269789
S66_19B;-248.09045524449203
S66_19;-363.74846124677214
S66_20A;-228.94392823705678
S66_20B;-228.94392529514818
S66_20;-457.91887695531858
S66_21A;-209.07858711374263
S66_21B;-209.07859038687485
S66_21;-418.18214295852414
S66_22A;-228.94385028439649
S66_22B;-414.55496225527213
S66_22;-643.52935095933924
S66_23A;-209.07848836631791
S66_23B;-414.55480825255717
S66_23;-623.66276572418246
S66_24A;-232.05964844179147
S66_24B;-232.05964801713594
S66_24;-464.11750792828798
S66_25A;-248.09044023788536
S66_25B;-248.09044249051360
S66_25;-496.18041793026941
S66_26A;-414.55564278941097
S66_26B;-414.55564279140975
S66_26;-829.11658986285056
S66_27A;-232.05962980403768
S66_27B;-248.09046372900781
S66_27;-480.14903970677926
S66_28A;-232.05959278369934
S66_28B;-414.55617961391835
S66_28;-646.61591072392832
S66_29A;-248.09036385758179
S66_29B;-414.55610001215325
S66_29;-662.64844643777724
S66_30A;-232.05967084005329
S66_30B;-78.51820375807358
S66_30;-310.57661421384375
S66_31A;-414.55619370628591
S66_31B;-78.51818425039227
S66_31;-493.07530122723313
S66_32A;-414.55608484842355
S66_32B;-77.26099801062526
S66_32;-491.81914775261396
S66_33A;-248.09049579972023
S66_33B;-78.51819211050899
S66_33;-326.60796883532623
S66_34A;-197.60046970081385
S66_34B;-197.60047031991584
S66_34;-395.20034119249783
S66_35A;-197.60046984136218
S66_35B;-197.60309638365140
S66_35;-395.20329752876034
S66_36A;-197.60310296992074
S66_36B;-197.60310295221095
S66_36;-395.20597918627936
S66_37A;-196.39452114783097
S66_37B;-197.60309520141556
S66_37;-393.99725813290218
S66_38A;-196.39446827818969
S66_38B;-196.39447337734046
S66_38;-392.78864624686025
S66_39A;-232.05963425700836
S66_39B;-196.39444964850679
S66_39;-428.45388652114980
S66_40A;-232.05963809419816
S66_40B;-197.60308255840630
S66_40;-429.66279498387746
S66_41A;-414.55622136180972
S66_41B;-197.60042831379778
S66_41;-612.15637505472478
S66_42A;-414.55622569667634
S66_42B;-196.39445911516736
S66_42;-610.95013079617377
S66_43A;-414.55617713255270
S66_43B;-197.60305836202787
S66_43;-612.15947258183064
S66_44A;-78.51820638285739
S66_44B;-197.60046107300818
S66_44;-276.11861316467775
S66_45A;-77.26106416664331
S66_45B;-197.60039865417070
S66_45;-274.86156297108960
S66_46A;-248.35285620071491
S66_46B;-197.60041452666596
S66_46;-445.95352129849755
S66_47A;-232.05962458404932
S66_47B;-232.05962771596964
S66_47;-464.11986823640450
S66_48A;-248.09043066915189
S66_48B;-248.09042749866757
S66_48;-496.18242581679215
S66_49A;-232.05961460637590
S66_49B;-248.09043192088205
S66_49;-480.15141970832622
S66_50A;-232.05960815805622
S66_50B;-77.26103368838987
S66_50;-309.32305345153594
S66_51A;-77.26107672790451
S66_51B;-77.26106362943236
S66_51;-154.52412604676775
S66_52A;-232.05955006989899
S66_52B;-228.94581126942776
S66_52;-461.00976062742001
S66_53A;-232.05954153401353
S66_53B;-209.07951661577619
S66_53;-441.14325281504750
S66_54A;-232.05959874915135
S66_54B;-76.38643698463230
S66_54;-308.44986172073618
S66_55A;-232.05958738782584
S66_55B;-115.64727562279795
S66_55;-347.71033841073074
S66_56A;-232.05961546024241
S66_56B;-95.78645205680175
S66_56;-327.84764308184606
S66_57A;-232.05957942643650
S66_57B;-248.35283108590718
S66_57;-480.41573212755111
S66_58A;-248.09037934287190
S66_58B;-248.09037932113563
S66_58;-496.18498141098780
S66_59A;-77.26102081960406
S66_59B;-76.38652507680469
S66_59;-153.65215742070168
S66_60A;-77.26094192408715
S66_60B;-228.94578236561904
S66_60;-306.21374280896418
S66_61A;-197.60042035007135
S66_61B;-228.94587609901728
S66_61;-426.54637321383200
S66_62A;-197.60041443984198
S66_62B;-209.07954251303914
S66_62;-406.68060904096285
S66_63A;-232.05961096973664
S66_63B;-228.94581160445796
S66_63;-461.00675901489137
S66_64A;-248.35279793247992
S66_64B;-78.51815577207283
S66_64;-326.87268558650970
S66_65A;-248.09047196124516
S66_65B;-77.26093630553690
S66_65;-325.35731502188918
S66_66A;-95.78645885818958
S66_66B;-248.09043462282656
S66_66;-343.87972838029100
SCONF_C10;-650.82990658687777
SCONF_C11;-650.83031216948586
SCONF_C12;-650.83017535222859
SCONF_C13;-650.82947932505499
SCONF_C14;-650.82971677306398
SCONF_C15;-650.82979062107211
SCONF_C1;-650.83904994003399
SCONF_C2;-650.83769649272563
SCONF_C3;-650.83544706275552
SCONF_C4;-650.83416768119457
SCONF_C5;-650.83229882562159
SCONF_C6;-650.83191537330276
SCONF_C7;-650.83197146360521
SCONF_C8;-650.83185935228460
SCONF_C9;-650.83024249583150
SCONF_G1;-686.76770650038316
SCONF_G2;-686.76730966481682
SCONF_G3;-686.75616081805902
SCONF_G4;-686.75859662145160
SIE4x4_h2+_1_0;-0.60921281713461
SIE4x4_h2+_1_25;-0.60478286621694
SIE4x4_h2+_1_5;-0.59324292079326
SIE4x4_h2+_1_75;-0.58154161648767
SIE4x4_h2o2+_1_0;-152.39122834072990
SIE4x4_h2o2+_1_25;-152.38210275792608
SIE4x4_h2o2+_1_5;-152.37023185517003
SIE4x4_h2o2+_1_75;-152.36424923217615
SIE4x4_h2o+;-75.92785808035865
SIE4x4_h2o;-76.38652657572311
SIE4x4_he2+_1_0;-5.00324504598988
SIE4x4_he2+_1_25;-4.99676548161277
SIE4x4_he2+_1_5;-4.98193976030906
SIE4x4_he2+_1_75;-4.97180849662190
SIE4x4_he+;-1.99658235461406
SIE4x4_he;-2.89509954217300
SIE4x4_h;-0.50129094364213
SIE4x4_nh32+_1_0;-112.73702743837754
SIE4x4_nh32+_1_25;-112.72690673665565
SIE4x4_nh32+_1_5;-112.71328059852745
SIE4x4_nh32+_1_75;-112.70555603805369
SIE4x4_nh3;-56.52030116674676
SIE4x4_nh3+;-56.15046751694958
TAUT15_10a;-646.17613177422800
TAUT15_10b;-646.17945955186519
TAUT15_1a;-345.56585518730077
TAUT15_1b;-345.55396077959341
TAUT15_2a;-266.97972715186944
TAUT15_2b;-266.96374568667500
TAUT15_3a;-325.68981852558647
TAUT15_3b;-325.70011626039877
TAUT15_3c;-325.67579892658500
TAUT15_3d;-325.66825163385795
TAUT15_4a;-323.29336031419001
TAUT15_4b;-323.29340129284662
TAUT15_5a;-394.67481014604266
TAUT15_5b;-394.67522951545567
TAUT15_5c;-394.67219134194721
TAUT15_6a;-542.20500116980236
TAUT15_6b;-542.20573776831725
TAUT15_6c;-542.20689980393558
TAUT15_6d;-542.20032965066264
TAUT15_7a;-258.08944894474166
TAUT15_7b;-258.08515747478907
TAUT15_8a;-265.34523495468824
TAUT15_8b;-265.34448428726108
TAUT15_9a;-512.52860030293687
TAUT15_9b;-512.52642946359663
UPU23_0a;-2311.58101149403956
UPU23_0b;-2311.57836725093239
UPU23_1a;-2311.57383486463732
UPU23_1b;-2311.57608677406824
UPU23_1c;-2311.56925851399228
UPU23_1e;-2311.57080065098035
UPU23_1f;-2311.56782116588602
UPU23_1g;-2311.58324662582709
UPU23_1m;-2311.58065204156810
UPU23_1p;-2311.58122408686813
UPU23_2a;-2311.58531391615270
UPU23_2h;-2311.57533571543445
UPU23_2p;-2311.59018289367577
UPU23_3a;-2311.58007793678189
UPU23_3b;-2311.58020408306857
UPU23_3d;-2311.58285060172329
UPU23_4b;-2311.58084068162498
UPU23_5z;-2311.57812628779175
UPU23_6p;-2311.58574865514402
UPU23_7a;-2311.57444952213882
UPU23_7p;-2311.58520201547799
UPU23_8d;-2311.58045404544737
UPU23_9a;-2311.57941545647282
UPU23_aa;-2311.57901893909184
W4-11_acetaldehyde;-153.72289327672161
W4-11_acetic;-228.94604865816433
W4-11_alcl3;-1622.77646427197851
W4-11_alcl;-702.45671371093715
W4-11_alf3;-541.95904651384421
W4-11_alf;-342.18716798186819
W4-11_alh3;-244.08717857533563
W4-11_alh;-242.86717706269340
W4-11_allene;-116.55729586531899
W4-11_al;-242.25617980185993
W4-11_b2h6;-53.21551510296101
W4-11_b2;-49.34406245070284
W4-11_be2;-29.28356047146832
W4-11_becl2;-935.02158674106215
W4-11_bef2;-214.48447073696403
W4-11_be;-14.63657712196785
W4-11_bf3;-324.40683302806747
W4-11_bf;-124.58723839584489
W4-11_bh3;-26.56848863776857
W4-11_bhf2;-225.13304511002497
W4-11_bh;-25.24929109628090
W4-11_bn3pi;-79.34333135624459
W4-11_bn;-79.30700211691141
W4-11_b;-24.61969128047951
W4-11_c2h2;-77.26136042626506
W4-11_c2h3f;-177.71656764768818
W4-11_c2h4;-78.51818420808945
W4-11_c2h5f;-178.95110963282332
W4-11_c2h6;-79.75708948226786
W4-11_c2;-75.80648391511549
W4-11_cch;-76.54060946371416
W4-11_ccl2;-958.11668781406536
W4-11_cf2;-237.58136899908649
W4-11_cf4;-437.29518591775656
W4-11_cf;-137.70318716762247
W4-11_ch2ch;-77.83509743920979
W4-11_ch2c;-77.19058197389097
W4-11_ch2f2;-238.86769679338741
W4-11_ch2nh2;-95.13311549997329
W4-11_ch2nh;-94.55701855148558
W4-11_ch2-sing;-39.09070907851303
W4-11_ch2-trip;-39.11856045900688
W4-11_ch3f;-139.66308174580792
W4-11_ch3nh2;-95.78651726986257
W4-11_ch3nh;-95.12061273929910
W4-11_ch3;-39.80267542257140
W4-11_ch4;-40.47822711309819
W4-11_c-hcoh;-114.33377566470553
W4-11_c-hono;-205.58907750278200
W4-11_c-hooo;-225.93881131905187
W4-11_ch;-38.44059107889668
W4-11_cl2o;-995.20396109539979
W4-11_cl2;-920.11758349961144
W4-11_clcn;-552.82278290736394
W4-11_clf;-559.78982146091960
W4-11_cloo;-610.25902554251093
W4-11_clo;-535.14079383419755
W4-11_cl;-460.01114759796747
W4-11_c-n2h2;-110.55772588601673
W4-11_cn;-92.63823030559298
W4-11_co2;-188.47602941039196
W4-11_co;-113.23674401985778
W4-11_c;-37.80720624580886
W4-11_cs2;-834.23128231266730
W4-11_cs;-436.06064115915984
W4-11_dioxirane;-189.50511280682548
W4-11_ethanol;-154.93361466938006
W4-11_f2co;-312.86534482114894
W4-11_f2o;-274.53048309144293
W4-11_f2;-199.41737500842356
W4-11_fccf;-275.60109671195113
W4-11_fo2;-249.93922564280339
W4-11_foof;-349.64633463655150
W4-11_formic;-189.65229817589307
W4-11_f;-99.68128194719687
W4-11_glyoxal;-227.67414077558487
W4-11_h2cn;-93.90906260354112
W4-11_h2co;-114.42569699690405
W4-11_h2o;-76.38653748932366
W4-11_h2;-1.16912269194566
W4-11_h2s;-399.27542410795388
W4-11_hccf;-176.43590173193110
W4-11_hcl;-460.67980010436304
W4-11_hcnh;-93.89720304648753
W4-11_hcno;-168.46766579468726
W4-11_hcn;-93.35048863599778
W4-11_hcof;-213.65511799310769
W4-11_hco;-113.77794245899510
W4-11_hf;-100.40043450813370
W4-11_hnco;-168.57754309272286
W4-11_hnc;-93.32876102116295
W4-11_hnnn;-164.68000050613335
W4-11_hno;-130.39292656572019
W4-11_hocl;-535.79457286062222
W4-11_hocn;-168.53116986993115
W4-11_hof;-175.45017156116663
W4-11_honc;-168.43738920690049
W4-11_hooh;-151.46667759636659
W4-11_hoo;-150.82634737988263
W4-11_h;-0.50129094364213
W4-11_hs;-398.62553841450250
W4-11_ketene;-152.49695129196198
W4-11_methanol;-115.64733186839965
W4-11_n2h4;-111.79598983201794
W4-11_n2h;-109.95740887195484
W4-11_n2o;-184.55406714658591
W4-11_n2;-109.45117968583489
W4-11_nccn;-185.51159079208605
W4-11_nh2cl;-515.95456322553662
W4-11_nh2;-55.84047104990157
W4-11_nh3;-56.52028725798809
W4-11_nh;-55.18319749180473
W4-11_no2;-204.96335250777270
W4-11_no;-129.81272158308866
W4-11_n;-54.54626812366322
W4-11_o2;-150.24253901052620
W4-11_o3;-225.28820384129915
W4-11_oclo;-610.26373292409346
W4-11_ocs;-511.35489655962374
W4-11_of;-174.78971289645168
W4-11_oh;-75.69191973436000
W4-11_o;-75.02239604584449
W4-11_oxirane;-153.68463644349310
W4-11_oxirene;-152.36898960921644
W4-11_p2;-682.46899768073729
W4-11_p4;-1365.05112237674393
W4-11_ph3;-343.02823298425398
W4-11_p;-341.14561731460049
W4-11_propane;-119.03828806639346
W4-11_propene;-117.80522837929122
W4-11_propyne;-116.55478683949539
W4-11_s2o;-871.32036627258060
W4-11_s2;-796.14230962819533
W4-11_s3;-1194.22299261700800
W4-11_s4-c2v;-1592.31185552964121
W4-11_si2h6;-582.35953079759759
W4-11_sif4;-688.87077018622358
W4-11_sif;-389.16135286395638
W4-11_sih3f;-391.03513437480694
W4-11_sih4;-291.76704529075562
W4-11_sih;-289.87386235033080
W4-11_sio;-364.57283173981182
W4-11_si;-289.25871000687306
W4-11_so2;-548.43481193245816
W4-11_so3;-623.59615359768338
W4-11_so;-473.21086199758065
W4-11_s;-397.98587019750119
W4-11_ssh;-796.73812080467394
W4-11_t-hcoh;-114.34133571932655
W4-11_t-hono;-205.58933344317521
W4-11_t-hooo;-225.93756658495215
W4-11_t-n2h2;-110.56623992638319
WATER27_H2O20es;-1528.06645811346561
WATER27_H2O20fc;-1528.05869094455375
WATER27_H2O20fs;-1528.06171411932701
WATER27_H2O20;-1528.05939579826372
WATER27_H2O2;-152.78208583609347
WATER27_H2O3;-229.18609755976428
WATER27_H2O4;-305.59294624929129
WATER27_H2O5;-381.99445203878406
WATER27_H2O6b;-458.39554185955490
WATER27_H2O6c2;-458.39554008430201
WATER27_H2O6c;-458.39427860243956
WATER27_H2O6;-458.39395072963572
WATER27_H2O8d2d;-611.21071369329809
WATER27_H2O8s4;-611.21070723457046
WATER27_H2O;-76.38705922144975
WATER27_H3OpH2O2;-229.53240748268698
WATER27_H3OpH2O3;-305.95053500872189
WATER27_H3OpH2O62d;-535.17324571532140
WATER27_H3OpH2O63d;-535.17528438310842
WATER27_H3OpH2O6OHm;-611.17557934186311
WATER27_H3OpH2O;-153.10764210265981
WATER27_H3Op;-76.66292971747872
WATER27_OHmH2O2;-228.60636594516143
WATER27_OHmH2O3;-305.02341498612037
WATER27_OHmH2O4c4;-381.43453846463774
WATER27_OHmH2O4cs;-381.43608910036772
WATER27_OHmH2O5;-457.84613323418932
WATER27_OHmH2O6;-534.25679871894317
WATER27_OHmH2O;-152.18397998209852
WATER27_OHm;-75.75116062927272
WCPT18_h2o;-76.38650801973961
WCPT18_reac1;-189.65229894960234
WCPT18_reac2;-169.76915674674433
WCPT18_reac3;-153.70830170736286
WCPT18_reac4;-149.90489148184400
WCPT18_reac5;-133.84792452980486
WCPT18_reac6;-117.80537987613187
WCPT18_reac7;-512.52869133911122
WCPT18_reac8;-492.65038632563727
WCPT18_reac9;-476.60271060563861
WCPT18_ts1h2o;-266.03637624991688
WCPT18_ts1;-189.59569184716014
WCPT18_ts2h2o;-246.15889049920628
WCPT18_ts2;-169.71505489321029
WCPT18_ts3h2o;-230.05938734811619
WCPT18_ts3;-153.61641234984603
WCPT18_ts4h2o;-226.28283250108942
WCPT18_ts4;-149.83218577160761
WCPT18_ts5h2o;-210.18855280966471
WCPT18_ts5;-133.74701547975542
WCPT18_ts6h2o;-194.11022820238469
WCPT18_ts6;-117.67766914874254
WCPT18_ts7h2o;-588.91238287989472
WCPT18_ts7;-512.47946478939696
WCPT18_ts8h2o;-569.03934775932669
WCPT18_ts8;-492.60781435069913
WCPT18_ts9h2o;-552.94698961963695
WCPT18_ts9;-476.51496366416347
YBDE18_cbh22;-90.01434838181919
YBDE18_ch2;-39.11850640846176
YBDE18_f2s-cbh22;-687.72806315591833
YBDE18_f2s-ch2;-636.88886300113404
YBDE18_f2s;-597.62589552119618
YBDE18_h2s-cbh22;-489.32127447914661
YBDE18_h2s-ch2;-438.45403168110732
YBDE18_h2s;-399.27541435289533
YBDE18_me2s-cbh22;-567.90361077983448
YBDE18_me2s-ch2;-517.03280544117945
YBDE18_me2s;-477.83333558485231
YBDE18_nf3-cbh22;-443.95535416027138
YBDE18_nf3-ch2;-393.12573551334026
YBDE18_nf3;-353.92377019683329
YBDE18_nh3-cbh22;-146.58469157026650
YBDE18_nh3-ch2;-95.68362240493009
YBDE18_nh3;-56.52031620378568
YBDE18_nme3-cbh22;-264.40148995457128
YBDE18_nme3-ch2;-213.51018983868036
YBDE18_nme3;-174.33247742395343
YBDE18_pf3-cbh22;-730.84843706800120
YBDE18_pf3-ch2;-679.99438976978013
YBDE18_pf3;-640.75726959395251
YBDE18_ph3-cbh22;-433.10920637839376
YBDE18_ph3-ch2;-382.24084148395303
YBDE18_ph3;-343.02820725038083
YBDE18_pme3-cbh22;-551.00485218385927
YBDE18_pme3-ch2;-500.13138252203294
YBDE18_pme3;-460.89258516554509
